PROLIFIC_PID,STUDY_ID,SESSION_ID,modo,registro_id,indice_asignacion,consentimiento,edad_18_mas,permiso_vigente,comprende_espanol,no_conduce_ahora,orden,simbolo_primero,velocidad_primera_kmh,velocidad_naranja_kmh,velocidad_platano_kmh,confianza_naranja,confianza_platano,tiempo_primera_s,tiempo_segunda_s,respuesta_abierta,inicio_utc,primera_render_utc,segunda_render_utc,fin_utc,origen_dato,version_app
,,,docente,SIM-000001,0,True,True,True,True,True,naranja_primero,naranja,90,90,70,66,81,2.0,6.938,Intenté escoger opciones que otra persona pudiera considerar puntos focales.,2026-09-02T08:00:00.000Z,2026-09-02T08:00:12.000Z,2026-09-02T08:00:15.250Z,2026-09-02T08:00:28.688Z,sintetico_docente,1.0.0-demo
,,,docente,SIM-000002,1,True,True,True,True,True,naranja_primero,naranja,90,90,70,63,72,6.012,2.0,Me basé en la geometría de las señales y en una asociación espontánea.,2026-09-02T08:07:00.000Z,2026-09-02T08:07:12.000Z,2026-09-02T08:07:19.262Z,2026-09-02T08:07:27.762Z,sintetico_docente,1.0.0-demo
,,,docente,SIM-000003,2,True,True,True,True,True,platano_primero,platano,90,90,90,71,74,2.0,7.939,La silueta redonda me pareció más focal; para la otra escogí una categoría cercana.,2026-09-02T08:14:00.000Z,2026-09-02T08:14:12.000Z,2026-09-02T08:14:15.250Z,2026-09-02T08:14:29.689Z,sintetico_docente,1.0.0-demo
,,,docente,SIM-000004,3,True,True,True,True,True,naranja_primero,naranja,90,90,70,72,84,7.353,4.615,La naranja parecía compacta y el plátano más ligero; fue una asociación intuitiva.,2026-09-02T08:21:00.000Z,2026-09-02T08:21:12.000Z,2026-09-02T08:21:20.603Z,2026-09-02T08:21:31.718Z,sintetico_docente,1.0.0-demo
,,,docente,SIM-000005,4,True,True,True,True,True,platano_primero,platano,50,70,50,83,77,9.11,2.0,La forma redonda me sugirió una velocidad estable y la silueta alargada una menor.,2026-09-02T08:28:00.000Z,2026-09-02T08:28:12.000Z,2026-09-02T08:28:22.360Z,2026-09-02T08:28:30.860Z,sintetico_docente,1.0.0-demo
,,,docente,SIM-000006,5,True,True,True,True,True,platano_primero,platano,50,90,50,57,58,9.353,6.761,La forma redonda me sugirió una velocidad estable y la silueta alargada una menor.,2026-09-02T08:35:00.000Z,2026-09-02T08:35:12.000Z,2026-09-02T08:35:22.603Z,2026-09-02T08:35:35.864Z,sintetico_docente,1.0.0-demo
,,,docente,SIM-000007,6,True,True,True,True,True,platano_primero,platano,70,90,70,73,64,8.687,4.887,Elegí categorías centrales porque imaginé una convención fácil de coordinar.,2026-09-02T08:42:00.000Z,2026-09-02T08:42:12.000Z,2026-09-02T08:42:21.937Z,2026-09-02T08:42:33.324Z,sintetico_docente,1.0.0-demo
,,,docente,SIM-000008,7,True,True,True,True,True,naranja_primero,naranja,90,90,50,68,61,7.421,3.645,Pensé en cómo se verían las siluetas desde lejos y comparé sus formas.,2026-09-02T08:49:00.000Z,2026-09-02T08:49:12.000Z,2026-09-02T08:49:20.671Z,2026-09-02T08:49:30.816Z,sintetico_docente,1.0.0-demo
,,,docente,SIM-000009,8,True,True,True,True,True,platano_primero,platano,90,90,90,69,71,5.629,8.729,Usé una intuición visual y mantuve una diferencia moderada entre las señales.,2026-09-02T08:56:00.000Z,2026-09-02T08:56:12.000Z,2026-09-02T08:56:18.879Z,2026-09-02T08:56:34.108Z,sintetico_docente,1.0.0-demo
,,,docente,SIM-000010,9,True,True,True,True,True,naranja_primero,naranja,90,90,50,61,45,4.709,3.347,Fue una elección por contraste visual entre una figura compacta y otra alargada.,2026-09-02T09:03:00.000Z,2026-09-02T09:03:12.000Z,2026-09-02T09:03:17.959Z,2026-09-02T09:03:27.806Z,sintetico_docente,1.0.0-demo
,,,docente,SIM-000011,10,True,True,True,True,True,platano_primero,platano,90,110,90,87,58,9.391,9.331,Me guié por la forma y por el contraste entre ambos símbolos.,2026-09-02T09:10:00.000Z,2026-09-02T09:10:12.000Z,2026-09-02T09:10:22.641Z,2026-09-02T09:10:38.472Z,sintetico_docente,1.0.0-demo
,,,docente,SIM-000012,11,True,True,True,True,True,naranja_primero,naranja,50,50,50,77,71,4.607,6.845,La curva de un símbolo y la geometría del otro orientaron mi elección.,2026-09-02T09:17:00.000Z,2026-09-02T09:17:12.000Z,2026-09-02T09:17:17.857Z,2026-09-02T09:17:31.202Z,sintetico_docente,1.0.0-demo
,,,docente,SIM-000013,12,True,True,True,True,True,naranja_primero,naranja,70,70,70,65,74,7.136,5.669,Me guié por la forma y por el contraste entre ambos símbolos.,2026-09-02T09:24:00.000Z,2026-09-02T09:24:12.000Z,2026-09-02T09:24:20.386Z,2026-09-02T09:24:32.555Z,sintetico_docente,1.0.0-demo
,,,docente,SIM-000014,13,True,True,True,True,True,naranja_primero,naranja,50,50,50,83,66,11.382,4.885,Me guié por la forma y por el contraste entre ambos símbolos.,2026-09-02T09:31:00.000Z,2026-09-02T09:31:12.000Z,2026-09-02T09:31:24.632Z,2026-09-02T09:31:36.017Z,sintetico_docente,1.0.0-demo
,,,docente,SIM-000015,14,True,True,True,True,True,naranja_primero,naranja,90,90,70,52,92,9.436,6.316,La naranja parecía compacta y el plátano más ligero; fue una asociación intuitiva.,2026-09-02T09:38:00.000Z,2026-09-02T09:38:12.000Z,2026-09-02T09:38:22.686Z,2026-09-02T09:38:35.502Z,sintetico_docente,1.0.0-demo
,,,docente,SIM-000016,15,True,True,True,True,True,naranja_primero,naranja,110,110,90,57,63,3.819,5.229,Me guié por la forma y por el contraste entre ambos símbolos.,2026-09-02T09:45:00.000Z,2026-09-02T09:45:12.000Z,2026-09-02T09:45:17.069Z,2026-09-02T09:45:28.798Z,sintetico_docente,1.0.0-demo
,,,docente,SIM-000017,16,True,True,True,True,True,platano_primero,platano,90,90,90,81,63,5.98,10.759,Pensé en cómo se verían las siluetas desde lejos y comparé sus formas.,2026-09-02T09:52:00.000Z,2026-09-02T09:52:12.000Z,2026-09-02T09:52:19.230Z,2026-09-02T09:52:36.489Z,sintetico_docente,1.0.0-demo
,,,docente,SIM-000018,17,True,True,True,True,True,platano_primero,platano,50,90,50,87,54,9.899,4.061,Elegí categorías centrales porque imaginé una convención fácil de coordinar.,2026-09-02T09:59:00.000Z,2026-09-02T09:59:12.000Z,2026-09-02T09:59:23.149Z,2026-09-02T09:59:33.710Z,sintetico_docente,1.0.0-demo
,,,docente,SIM-000019,18,True,True,True,True,True,platano_primero,platano,70,110,70,60,84,11.948,4.078,Me guié por la forma y por el contraste entre ambos símbolos.,2026-09-02T10:06:00.000Z,2026-09-02T10:06:12.000Z,2026-09-02T10:06:25.198Z,2026-09-02T10:06:35.776Z,sintetico_docente,1.0.0-demo
,,,docente,SIM-000020,19,True,True,True,True,True,platano_primero,platano,50,90,50,46,83,9.105,4.662,Elegí categorías centrales porque imaginé una convención fácil de coordinar.,2026-09-02T10:13:00.000Z,2026-09-02T10:13:12.000Z,2026-09-02T10:13:22.355Z,2026-09-02T10:13:33.517Z,sintetico_docente,1.0.0-demo
,,,docente,SIM-000021,20,True,True,True,True,True,platano_primero,platano,90,110,90,65,58,3.877,13.483,Me guié por la forma y por el contraste entre ambos símbolos.,2026-09-02T10:20:00.000Z,2026-09-02T10:20:12.000Z,2026-09-02T10:20:17.127Z,2026-09-02T10:20:37.110Z,sintetico_docente,1.0.0-demo
,,,docente,SIM-000022,21,True,True,True,True,True,naranja_primero,naranja,70,70,50,71,68,10.339,7.671,"Comparé peso aparente y forma, sin asumir que existiera una respuesta correcta.",2026-09-02T10:27:00.000Z,2026-09-02T10:27:12.000Z,2026-09-02T10:27:23.589Z,2026-09-02T10:27:37.760Z,sintetico_docente,1.0.0-demo
,,,docente,SIM-000023,22,True,True,True,True,True,platano_primero,platano,70,90,70,59,75,9.12,15.888,Pensé en cómo se verían las siluetas desde lejos y comparé sus formas.,2026-09-02T10:34:00.000Z,2026-09-02T10:34:12.000Z,2026-09-02T10:34:22.370Z,2026-09-02T10:34:44.758Z,sintetico_docente,1.0.0-demo
,,,docente,SIM-000024,23,True,True,True,True,True,naranja_primero,naranja,90,90,90,95,70,7.844,6.844,Intenté escoger opciones que otra persona pudiera considerar puntos focales.,2026-09-02T10:41:00.000Z,2026-09-02T10:41:12.000Z,2026-09-02T10:41:21.094Z,2026-09-02T10:41:34.438Z,sintetico_docente,1.0.0-demo
,,,docente,SIM-000025,24,True,True,True,True,True,naranja_primero,naranja,90,90,50,80,76,3.713,7.943,Pensé en cómo se verían las siluetas desde lejos y comparé sus formas.,2026-09-02T10:48:00.000Z,2026-09-02T10:48:12.000Z,2026-09-02T10:48:16.963Z,2026-09-02T10:48:31.406Z,sintetico_docente,1.0.0-demo
,,,docente,SIM-000026,25,True,True,True,True,True,platano_primero,platano,70,110,70,51,58,7.954,6.673,Usé una intuición visual y mantuve una diferencia moderada entre las señales.,2026-09-02T10:55:00.000Z,2026-09-02T10:55:12.000Z,2026-09-02T10:55:21.204Z,2026-09-02T10:55:34.377Z,sintetico_docente,1.0.0-demo
,,,docente,SIM-000027,26,True,True,True,True,True,naranja_primero,naranja,70,70,50,77,71,10.036,5.061,Usé una intuición visual y mantuve una diferencia moderada entre las señales.,2026-09-02T11:02:00.000Z,2026-09-02T11:02:12.000Z,2026-09-02T11:02:23.286Z,2026-09-02T11:02:34.847Z,sintetico_docente,1.0.0-demo
,,,docente,SIM-000028,27,True,True,True,True,True,platano_primero,platano,70,110,70,62,51,5.809,3.475,Pensé en cómo se verían las siluetas desde lejos y comparé sus formas.,2026-09-02T11:09:00.000Z,2026-09-02T11:09:12.000Z,2026-09-02T11:09:19.059Z,2026-09-02T11:09:29.034Z,sintetico_docente,1.0.0-demo
,,,docente,SIM-000029,28,True,True,True,True,True,naranja_primero,naranja,70,70,50,87,93,10.331,6.291,La forma redonda me sugirió una velocidad estable y la silueta alargada una menor.,2026-09-02T11:16:00.000Z,2026-09-02T11:16:12.000Z,2026-09-02T11:16:23.581Z,2026-09-02T11:16:36.372Z,sintetico_docente,1.0.0-demo
,,,docente,SIM-000030,29,True,True,True,True,True,platano_primero,platano,70,90,70,67,57,1.05,6.231,La curva de un símbolo y la geometría del otro orientaron mi elección.,2026-09-02T11:23:00.000Z,2026-09-02T11:23:12.000Z,2026-09-02T11:23:14.300Z,2026-09-02T11:23:27.031Z,sintetico_docente,1.0.0-demo
,,,docente,SIM-000031,30,True,True,True,True,True,platano_primero,platano,70,90,70,87,63,14.251,5.367,La naranja parecía compacta y el plátano más ligero; fue una asociación intuitiva.,2026-09-02T11:30:00.000Z,2026-09-02T11:30:12.000Z,2026-09-02T11:30:27.501Z,2026-09-02T11:30:39.368Z,sintetico_docente,1.0.0-demo
,,,docente,SIM-000032,31,True,True,True,True,True,naranja_primero,naranja,90,90,50,74,66,9.521,6.416,"Comparé peso aparente y forma, sin asumir que existiera una respuesta correcta.",2026-09-02T11:37:00.000Z,2026-09-02T11:37:12.000Z,2026-09-02T11:37:22.771Z,2026-09-02T11:37:35.687Z,sintetico_docente,1.0.0-demo
,,,docente,SIM-000033,32,True,True,True,True,True,naranja_primero,naranja,110,110,70,82,69,3.811,5.202,La naranja parecía compacta y el plátano más ligero; fue una asociación intuitiva.,2026-09-02T11:44:00.000Z,2026-09-02T11:44:12.000Z,2026-09-02T11:44:17.061Z,2026-09-02T11:44:28.763Z,sintetico_docente,1.0.0-demo
,,,docente,SIM-000034,33,True,True,True,True,True,platano_primero,platano,70,110,70,64,71,7.104,9.391,Intenté escoger opciones que otra persona pudiera considerar puntos focales.,2026-09-02T11:51:00.000Z,2026-09-02T11:51:12.000Z,2026-09-02T11:51:20.354Z,2026-09-02T11:51:36.245Z,sintetico_docente,1.0.0-demo
,,,docente,SIM-000035,34,True,True,True,True,True,naranja_primero,naranja,110,110,70,76,92,5.629,9.309,Pensé en cómo se verían las siluetas desde lejos y comparé sus formas.,2026-09-02T11:58:00.000Z,2026-09-02T11:58:12.000Z,2026-09-02T11:58:18.879Z,2026-09-02T11:58:34.688Z,sintetico_docente,1.0.0-demo
,,,docente,SIM-000036,35,True,True,True,True,True,naranja_primero,naranja,90,90,70,74,78,4.161,9.308,La silueta redonda me pareció más focal; para la otra escogí una categoría cercana.,2026-09-02T12:05:00.000Z,2026-09-02T12:05:12.000Z,2026-09-02T12:05:17.411Z,2026-09-02T12:05:33.219Z,sintetico_docente,1.0.0-demo
,,,docente,SIM-000037,36,True,True,True,True,True,platano_primero,platano,70,90,70,81,78,10.774,7.236,Pensé en cómo se verían las siluetas desde lejos y comparé sus formas.,2026-09-02T12:12:00.000Z,2026-09-02T12:12:12.000Z,2026-09-02T12:12:24.024Z,2026-09-02T12:12:37.760Z,sintetico_docente,1.0.0-demo
,,,docente,SIM-000038,37,True,True,True,True,True,platano_primero,platano,50,70,50,80,41,8.964,9.165,Elegí categorías centrales porque imaginé una convención fácil de coordinar.,2026-09-02T12:19:00.000Z,2026-09-02T12:19:12.000Z,2026-09-02T12:19:22.214Z,2026-09-02T12:19:37.879Z,sintetico_docente,1.0.0-demo
,,,docente,SIM-000039,38,True,True,True,True,True,naranja_primero,naranja,110,110,50,91,61,8.045,10.1,La curva de un símbolo y la geometría del otro orientaron mi elección.,2026-09-02T12:26:00.000Z,2026-09-02T12:26:12.000Z,2026-09-02T12:26:21.295Z,2026-09-02T12:26:37.895Z,sintetico_docente,1.0.0-demo
,,,docente,SIM-000040,39,True,True,True,True,True,platano_primero,platano,50,90,50,58,75,15.12,3.394,Intenté escoger opciones que otra persona pudiera considerar puntos focales.,2026-09-02T12:33:00.000Z,2026-09-02T12:33:12.000Z,2026-09-02T12:33:28.370Z,2026-09-02T12:33:38.264Z,sintetico_docente,1.0.0-demo
,,,docente,SIM-000041,40,True,True,True,True,True,platano_primero,platano,50,90,50,83,63,4.257,7.034,Me guié por la forma y por el contraste entre ambos símbolos.,2026-09-02T12:40:00.000Z,2026-09-02T12:40:12.000Z,2026-09-02T12:40:17.507Z,2026-09-02T12:40:31.041Z,sintetico_docente,1.0.0-demo
,,,docente,SIM-000042,41,True,True,True,True,True,platano_primero,platano,50,90,50,64,67,13.077,8.896,"Comparé peso aparente y forma, sin asumir que existiera una respuesta correcta.",2026-09-02T12:47:00.000Z,2026-09-02T12:47:12.000Z,2026-09-02T12:47:26.327Z,2026-09-02T12:47:41.723Z,sintetico_docente,1.0.0-demo
,,,docente,SIM-000043,42,True,True,True,True,True,naranja_primero,naranja,70,70,30,83,82,2.714,8.716,Me basé en la geometría de las señales y en una asociación espontánea.,2026-09-02T12:54:00.000Z,2026-09-02T12:54:12.000Z,2026-09-02T12:54:15.964Z,2026-09-02T12:54:31.180Z,sintetico_docente,1.0.0-demo
,,,docente,SIM-000044,43,True,True,True,True,True,platano_primero,platano,70,90,70,69,66,4.975,3.548,La naranja parecía compacta y el plátano más ligero; fue una asociación intuitiva.,2026-09-02T13:01:00.000Z,2026-09-02T13:01:12.000Z,2026-09-02T13:01:18.225Z,2026-09-02T13:01:28.273Z,sintetico_docente,1.0.0-demo
,,,docente,SIM-000045,44,True,True,True,True,True,naranja_primero,naranja,70,70,70,81,73,14.724,3.46,La forma redonda me sugirió una velocidad estable y la silueta alargada una menor.,2026-09-02T13:08:00.000Z,2026-09-02T13:08:12.000Z,2026-09-02T13:08:27.974Z,2026-09-02T13:08:37.934Z,sintetico_docente,1.0.0-demo
,,,docente,SIM-000046,45,True,True,True,True,True,naranja_primero,naranja,90,90,70,57,57,3.704,11.639,Me guié por la forma y por el contraste entre ambos símbolos.,2026-09-02T13:15:00.000Z,2026-09-02T13:15:12.000Z,2026-09-02T13:15:16.954Z,2026-09-02T13:15:35.093Z,sintetico_docente,1.0.0-demo
,,,docente,SIM-000047,46,True,True,True,True,True,naranja_primero,naranja,110,110,90,40,65,8.19,6.954,Usé una intuición visual y mantuve una diferencia moderada entre las señales.,2026-09-02T13:22:00.000Z,2026-09-02T13:22:12.000Z,2026-09-02T13:22:21.440Z,2026-09-02T13:22:34.894Z,sintetico_docente,1.0.0-demo
,,,docente,SIM-000048,47,True,True,True,True,True,platano_primero,platano,50,90,50,55,73,5.98,8.598,Pensé en cómo se verían las siluetas desde lejos y comparé sus formas.,2026-09-02T13:29:00.000Z,2026-09-02T13:29:12.000Z,2026-09-02T13:29:19.230Z,2026-09-02T13:29:34.328Z,sintetico_docente,1.0.0-demo
,,,docente,SIM-000049,48,True,True,True,True,True,naranja_primero,naranja,90,90,50,93,58,4.963,5.932,Me basé en la geometría de las señales y en una asociación espontánea.,2026-09-02T13:36:00.000Z,2026-09-02T13:36:12.000Z,2026-09-02T13:36:18.213Z,2026-09-02T13:36:30.645Z,sintetico_docente,1.0.0-demo
,,,docente,SIM-000050,49,True,True,True,True,True,platano_primero,platano,90,110,90,72,62,8.614,5.503,Me basé en la geometría de las señales y en una asociación espontánea.,2026-09-02T13:43:00.000Z,2026-09-02T13:43:12.000Z,2026-09-02T13:43:21.864Z,2026-09-02T13:43:33.867Z,sintetico_docente,1.0.0-demo
,,,docente,SIM-000051,50,True,True,True,True,True,platano_primero,platano,70,90,70,58,70,7.044,8.894,Elegí categorías centrales porque imaginé una convención fácil de coordinar.,2026-09-02T13:50:00.000Z,2026-09-02T13:50:12.000Z,2026-09-02T13:50:20.294Z,2026-09-02T13:50:35.688Z,sintetico_docente,1.0.0-demo
,,,docente,SIM-000052,51,True,True,True,True,True,naranja_primero,naranja,110,110,70,70,57,5.92,6.024,La curva de un símbolo y la geometría del otro orientaron mi elección.,2026-09-02T13:57:00.000Z,2026-09-02T13:57:12.000Z,2026-09-02T13:57:19.170Z,2026-09-02T13:57:31.694Z,sintetico_docente,1.0.0-demo
,,,docente,SIM-000053,52,True,True,True,True,True,platano_primero,platano,90,110,90,56,75,5.904,5.99,Me basé en la geometría de las señales y en una asociación espontánea.,2026-09-02T14:04:00.000Z,2026-09-02T14:04:12.000Z,2026-09-02T14:04:19.154Z,2026-09-02T14:04:31.644Z,sintetico_docente,1.0.0-demo
,,,docente,SIM-000054,53,True,True,True,True,True,naranja_primero,naranja,90,90,50,71,54,6.895,15.877,Me guié por la forma y por el contraste entre ambos símbolos.,2026-09-02T14:11:00.000Z,2026-09-02T14:11:12.000Z,2026-09-02T14:11:20.145Z,2026-09-02T14:11:42.522Z,sintetico_docente,1.0.0-demo
,,,docente,SIM-000055,54,True,True,True,True,True,platano_primero,platano,70,90,70,74,55,5.09,11.7,Me basé en la geometría de las señales y en una asociación espontánea.,2026-09-02T14:18:00.000Z,2026-09-02T14:18:12.000Z,2026-09-02T14:18:18.340Z,2026-09-02T14:18:36.540Z,sintetico_docente,1.0.0-demo
,,,docente,SIM-000056,55,True,True,True,True,True,platano_primero,platano,50,70,50,64,83,8.354,5.606,Me guié por la forma y por el contraste entre ambos símbolos.,2026-09-02T14:25:00.000Z,2026-09-02T14:25:12.000Z,2026-09-02T14:25:21.604Z,2026-09-02T14:25:33.710Z,sintetico_docente,1.0.0-demo
,,,docente,SIM-000057,56,True,True,True,True,True,naranja_primero,naranja,110,110,90,75,82,8.767,12.283,La curva de un símbolo y la geometría del otro orientaron mi elección.,2026-09-02T14:32:00.000Z,2026-09-02T14:32:12.000Z,2026-09-02T14:32:22.017Z,2026-09-02T14:32:40.800Z,sintetico_docente,1.0.0-demo
,,,docente,SIM-000058,57,True,True,True,True,True,naranja_primero,naranja,90,90,70,70,86,6.011,10.65,Fue una elección por contraste visual entre una figura compacta y otra alargada.,2026-09-02T14:39:00.000Z,2026-09-02T14:39:12.000Z,2026-09-02T14:39:19.261Z,2026-09-02T14:39:36.411Z,sintetico_docente,1.0.0-demo
,,,docente,SIM-000059,58,True,True,True,True,True,naranja_primero,naranja,90,90,90,78,71,4.358,6.726,Me guié por la forma y por el contraste entre ambos símbolos.,2026-09-02T14:46:00.000Z,2026-09-02T14:46:12.000Z,2026-09-02T14:46:17.608Z,2026-09-02T14:46:30.834Z,sintetico_docente,1.0.0-demo
,,,docente,SIM-000060,59,True,True,True,True,True,platano_primero,platano,70,110,70,98,87,7.827,9.289,Pensé en cómo se verían las siluetas desde lejos y comparé sus formas.,2026-09-02T14:53:00.000Z,2026-09-02T14:53:12.000Z,2026-09-02T14:53:21.077Z,2026-09-02T14:53:36.866Z,sintetico_docente,1.0.0-demo
,,,docente,SIM-000061,60,True,True,True,True,True,platano_primero,platano,30,90,30,71,57,4.275,9.399,Intenté escoger opciones que otra persona pudiera considerar puntos focales.,2026-09-02T15:00:00.000Z,2026-09-02T15:00:12.000Z,2026-09-02T15:00:17.525Z,2026-09-02T15:00:33.424Z,sintetico_docente,1.0.0-demo
,,,docente,SIM-000062,61,True,True,True,True,True,naranja_primero,naranja,110,110,90,59,72,8.783,5.181,La silueta redonda me pareció más focal; para la otra escogí una categoría cercana.,2026-09-02T15:07:00.000Z,2026-09-02T15:07:12.000Z,2026-09-02T15:07:22.033Z,2026-09-02T15:07:33.714Z,sintetico_docente,1.0.0-demo
,,,docente,SIM-000063,62,True,True,True,True,True,platano_primero,platano,70,110,70,48,59,9.527,7.737,"Comparé peso aparente y forma, sin asumir que existiera una respuesta correcta.",2026-09-02T15:14:00.000Z,2026-09-02T15:14:12.000Z,2026-09-02T15:14:22.777Z,2026-09-02T15:14:37.014Z,sintetico_docente,1.0.0-demo
,,,docente,SIM-000064,63,True,True,True,True,True,platano_primero,platano,90,90,90,70,85,9.473,8.804,Intenté escoger opciones que otra persona pudiera considerar puntos focales.,2026-09-02T15:21:00.000Z,2026-09-02T15:21:12.000Z,2026-09-02T15:21:22.723Z,2026-09-02T15:21:38.027Z,sintetico_docente,1.0.0-demo
,,,docente,SIM-000065,64,True,True,True,True,True,platano_primero,platano,70,90,70,69,73,6.671,7.176,Intenté escoger opciones que otra persona pudiera considerar puntos focales.,2026-09-02T15:28:00.000Z,2026-09-02T15:28:12.000Z,2026-09-02T15:28:19.921Z,2026-09-02T15:28:33.597Z,sintetico_docente,1.0.0-demo
,,,docente,SIM-000066,65,True,True,True,True,True,naranja_primero,naranja,90,90,70,70,86,8.726,9.951,La curva de un símbolo y la geometría del otro orientaron mi elección.,2026-09-02T15:35:00.000Z,2026-09-02T15:35:12.000Z,2026-09-02T15:35:21.976Z,2026-09-02T15:35:38.427Z,sintetico_docente,1.0.0-demo
,,,docente,SIM-000067,66,True,True,True,True,True,platano_primero,platano,50,70,50,60,81,5.832,9.371,Me guié por la forma y por el contraste entre ambos símbolos.,2026-09-02T15:42:00.000Z,2026-09-02T15:42:12.000Z,2026-09-02T15:42:19.082Z,2026-09-02T15:42:34.953Z,sintetico_docente,1.0.0-demo
,,,docente,SIM-000068,67,True,True,True,True,True,naranja_primero,naranja,90,90,50,78,83,3.935,6.217,Pensé en cómo se verían las siluetas desde lejos y comparé sus formas.,2026-09-02T15:49:00.000Z,2026-09-02T15:49:12.000Z,2026-09-02T15:49:17.185Z,2026-09-02T15:49:29.902Z,sintetico_docente,1.0.0-demo
,,,docente,SIM-000069,68,True,True,True,True,True,naranja_primero,naranja,70,70,30,66,91,7.71,3.133,La forma redonda me sugirió una velocidad estable y la silueta alargada una menor.,2026-09-02T15:56:00.000Z,2026-09-02T15:56:12.000Z,2026-09-02T15:56:20.960Z,2026-09-02T15:56:30.593Z,sintetico_docente,1.0.0-demo
,,,docente,SIM-000070,69,True,True,True,True,True,naranja_primero,naranja,90,90,70,86,69,5.403,7.511,Usé una intuición visual y mantuve una diferencia moderada entre las señales.,2026-09-02T16:03:00.000Z,2026-09-02T16:03:12.000Z,2026-09-02T16:03:18.653Z,2026-09-02T16:03:32.664Z,sintetico_docente,1.0.0-demo
,,,docente,SIM-000071,70,True,True,True,True,True,platano_primero,platano,90,110,90,68,74,5.326,9.474,La curva de un símbolo y la geometría del otro orientaron mi elección.,2026-09-02T16:10:00.000Z,2026-09-02T16:10:12.000Z,2026-09-02T16:10:18.576Z,2026-09-02T16:10:34.550Z,sintetico_docente,1.0.0-demo
,,,docente,SIM-000072,71,True,True,True,True,True,naranja_primero,naranja,90,90,70,97,69,10.109,3.561,Elegí categorías centrales porque imaginé una convención fácil de coordinar.,2026-09-02T16:17:00.000Z,2026-09-02T16:17:12.000Z,2026-09-02T16:17:23.359Z,2026-09-02T16:17:33.420Z,sintetico_docente,1.0.0-demo
,,,docente,SIM-000073,72,True,True,True,True,True,platano_primero,platano,110,110,110,67,71,6.252,5.598,Me guié por la forma y por el contraste entre ambos símbolos.,2026-09-02T16:24:00.000Z,2026-09-02T16:24:12.000Z,2026-09-02T16:24:19.502Z,2026-09-02T16:24:31.600Z,sintetico_docente,1.0.0-demo
,,,docente,SIM-000074,73,True,True,True,True,True,platano_primero,platano,50,110,50,71,64,5.627,1.123,Me guié por la forma y por el contraste entre ambos símbolos.,2026-09-02T16:31:00.000Z,2026-09-02T16:31:12.000Z,2026-09-02T16:31:18.877Z,2026-09-02T16:31:26.500Z,sintetico_docente,1.0.0-demo
,,,docente,SIM-000075,74,True,True,True,True,True,platano_primero,platano,70,70,70,77,86,1.196,8.362,La silueta redonda me pareció más focal; para la otra escogí una categoría cercana.,2026-09-02T16:38:00.000Z,2026-09-02T16:38:12.000Z,2026-09-02T16:38:14.446Z,2026-09-02T16:38:29.308Z,sintetico_docente,1.0.0-demo
,,,docente,SIM-000076,75,True,True,True,True,True,naranja_primero,naranja,90,90,70,53,67,9.765,10.533,La naranja parecía compacta y el plátano más ligero; fue una asociación intuitiva.,2026-09-02T16:45:00.000Z,2026-09-02T16:45:12.000Z,2026-09-02T16:45:23.015Z,2026-09-02T16:45:40.048Z,sintetico_docente,1.0.0-demo
,,,docente,SIM-000077,76,True,True,True,True,True,naranja_primero,naranja,90,90,70,61,56,6.517,5.659,Fue una elección por contraste visual entre una figura compacta y otra alargada.,2026-09-02T16:52:00.000Z,2026-09-02T16:52:12.000Z,2026-09-02T16:52:19.767Z,2026-09-02T16:52:31.926Z,sintetico_docente,1.0.0-demo
,,,docente,SIM-000078,77,True,True,True,True,True,naranja_primero,naranja,90,90,70,69,75,10.572,6.329,Pensé en cómo se verían las siluetas desde lejos y comparé sus formas.,2026-09-02T16:59:00.000Z,2026-09-02T16:59:12.000Z,2026-09-02T16:59:23.822Z,2026-09-02T16:59:36.651Z,sintetico_docente,1.0.0-demo
,,,docente,SIM-000079,78,True,True,True,True,True,platano_primero,platano,50,90,50,53,50,10.06,5.253,La forma redonda me sugirió una velocidad estable y la silueta alargada una menor.,2026-09-02T17:06:00.000Z,2026-09-02T17:06:12.000Z,2026-09-02T17:06:23.310Z,2026-09-02T17:06:35.063Z,sintetico_docente,1.0.0-demo
,,,docente,SIM-000080,79,True,True,True,True,True,naranja_primero,naranja,90,90,70,59,44,5.138,9.844,Pensé en cómo se verían las siluetas desde lejos y comparé sus formas.,2026-09-02T17:13:00.000Z,2026-09-02T17:13:12.000Z,2026-09-02T17:13:18.388Z,2026-09-02T17:13:34.732Z,sintetico_docente,1.0.0-demo
,,,docente,SIM-000081,80,True,True,True,True,True,platano_primero,platano,70,90,70,80,75,9.609,3.654,La curva de un símbolo y la geometría del otro orientaron mi elección.,2026-09-02T17:20:00.000Z,2026-09-02T17:20:12.000Z,2026-09-02T17:20:22.859Z,2026-09-02T17:20:33.013Z,sintetico_docente,1.0.0-demo
,,,docente,SIM-000082,81,True,True,True,True,True,naranja_primero,naranja,90,90,90,64,64,6.073,12.219,Pensé en cómo se verían las siluetas desde lejos y comparé sus formas.,2026-09-02T17:27:00.000Z,2026-09-02T17:27:12.000Z,2026-09-02T17:27:19.323Z,2026-09-02T17:27:38.042Z,sintetico_docente,1.0.0-demo
,,,docente,SIM-000083,82,True,True,True,True,True,platano_primero,platano,70,90,70,75,58,11.646,9.865,"Comparé peso aparente y forma, sin asumir que existiera una respuesta correcta.",2026-09-02T17:34:00.000Z,2026-09-02T17:34:12.000Z,2026-09-02T17:34:24.896Z,2026-09-02T17:34:41.261Z,sintetico_docente,1.0.0-demo
,,,docente,SIM-000084,83,True,True,True,True,True,platano_primero,platano,70,90,70,65,75,8.498,6.149,Elegí categorías centrales porque imaginé una convención fácil de coordinar.,2026-09-02T17:41:00.000Z,2026-09-02T17:41:12.000Z,2026-09-02T17:41:21.748Z,2026-09-02T17:41:34.397Z,sintetico_docente,1.0.0-demo
,,,docente,SIM-000085,84,True,True,True,True,True,naranja_primero,naranja,70,70,30,78,58,9.382,8.793,La curva de un símbolo y la geometría del otro orientaron mi elección.,2026-09-02T17:48:00.000Z,2026-09-02T17:48:12.000Z,2026-09-02T17:48:22.632Z,2026-09-02T17:48:37.925Z,sintetico_docente,1.0.0-demo
,,,docente,SIM-000086,85,True,True,True,True,True,platano_primero,platano,50,70,50,70,56,9.401,6.29,Elegí categorías centrales porque imaginé una convención fácil de coordinar.,2026-09-02T17:55:00.000Z,2026-09-02T17:55:12.000Z,2026-09-02T17:55:22.651Z,2026-09-02T17:55:35.441Z,sintetico_docente,1.0.0-demo
,,,docente,SIM-000087,86,True,True,True,True,True,platano_primero,platano,90,90,90,67,68,8.697,6.534,Me basé en la geometría de las señales y en una asociación espontánea.,2026-09-02T18:02:00.000Z,2026-09-02T18:02:12.000Z,2026-09-02T18:02:21.947Z,2026-09-02T18:02:34.981Z,sintetico_docente,1.0.0-demo
,,,docente,SIM-000088,87,True,True,True,True,True,naranja_primero,naranja,70,70,50,81,94,3.078,9.501,Me basé en la geometría de las señales y en una asociación espontánea.,2026-09-02T18:09:00.000Z,2026-09-02T18:09:12.000Z,2026-09-02T18:09:16.328Z,2026-09-02T18:09:32.329Z,sintetico_docente,1.0.0-demo
,,,docente,SIM-000089,88,True,True,True,True,True,naranja_primero,naranja,90,90,50,64,71,12.266,4.271,La silueta redonda me pareció más focal; para la otra escogí una categoría cercana.,2026-09-02T18:16:00.000Z,2026-09-02T18:16:12.000Z,2026-09-02T18:16:25.516Z,2026-09-02T18:16:36.287Z,sintetico_docente,1.0.0-demo
,,,docente,SIM-000090,89,True,True,True,True,True,naranja_primero,naranja,70,70,50,59,75,6.909,7.594,La silueta redonda me pareció más focal; para la otra escogí una categoría cercana.,2026-09-02T18:23:00.000Z,2026-09-02T18:23:12.000Z,2026-09-02T18:23:20.159Z,2026-09-02T18:23:34.253Z,sintetico_docente,1.0.0-demo
,,,docente,SIM-000091,90,True,True,True,True,True,naranja_primero,naranja,70,70,70,68,81,8.123,15.01,La silueta redonda me pareció más focal; para la otra escogí una categoría cercana.,2026-09-02T18:30:00.000Z,2026-09-02T18:30:12.000Z,2026-09-02T18:30:21.373Z,2026-09-02T18:30:42.883Z,sintetico_docente,1.0.0-demo
,,,docente,SIM-000092,91,True,True,True,True,True,naranja_primero,naranja,70,70,30,83,61,9.165,6.2,Intenté escoger opciones que otra persona pudiera considerar puntos focales.,2026-09-02T18:37:00.000Z,2026-09-02T18:37:12.000Z,2026-09-02T18:37:22.415Z,2026-09-02T18:37:35.115Z,sintetico_docente,1.0.0-demo
,,,docente,SIM-000093,92,True,True,True,True,True,platano_primero,platano,110,110,110,67,80,9.89,6.94,La forma redonda me sugirió una velocidad estable y la silueta alargada una menor.,2026-09-02T18:44:00.000Z,2026-09-02T18:44:12.000Z,2026-09-02T18:44:23.140Z,2026-09-02T18:44:36.580Z,sintetico_docente,1.0.0-demo
,,,docente,SIM-000094,93,True,True,True,True,True,naranja_primero,naranja,70,70,50,67,58,1.05,6.24,Fue una elección por contraste visual entre una figura compacta y otra alargada.,2026-09-02T18:51:00.000Z,2026-09-02T18:51:12.000Z,2026-09-02T18:51:14.300Z,2026-09-02T18:51:27.040Z,sintetico_docente,1.0.0-demo
,,,docente,SIM-000095,94,True,True,True,True,True,naranja_primero,naranja,90,90,50,67,72,7.593,4.413,La silueta redonda me pareció más focal; para la otra escogí una categoría cercana.,2026-09-02T18:58:00.000Z,2026-09-02T18:58:12.000Z,2026-09-02T18:58:20.843Z,2026-09-02T18:58:31.756Z,sintetico_docente,1.0.0-demo
,,,docente,SIM-000096,95,True,True,True,True,True,naranja_primero,naranja,70,70,70,91,51,6.951,13.57,Intenté escoger opciones que otra persona pudiera considerar puntos focales.,2026-09-02T19:05:00.000Z,2026-09-02T19:05:12.000Z,2026-09-02T19:05:20.201Z,2026-09-02T19:05:40.271Z,sintetico_docente,1.0.0-demo
,,,docente,SIM-000097,96,True,True,True,True,True,platano_primero,platano,90,70,90,62,94,6.415,7.102,Me guié por la forma y por el contraste entre ambos símbolos.,2026-09-02T19:12:00.000Z,2026-09-02T19:12:12.000Z,2026-09-02T19:12:19.665Z,2026-09-02T19:12:33.267Z,sintetico_docente,1.0.0-demo
,,,docente,SIM-000098,97,True,True,True,True,True,platano_primero,platano,70,110,70,64,73,9.443,6.175,Elegí categorías centrales porque imaginé una convención fácil de coordinar.,2026-09-02T19:19:00.000Z,2026-09-02T19:19:12.000Z,2026-09-02T19:19:22.693Z,2026-09-02T19:19:35.368Z,sintetico_docente,1.0.0-demo
,,,docente,SIM-000099,98,True,True,True,True,True,platano_primero,platano,50,90,50,77,64,2.973,10.293,La silueta redonda me pareció más focal; para la otra escogí una categoría cercana.,2026-09-02T19:26:00.000Z,2026-09-02T19:26:12.000Z,2026-09-02T19:26:16.223Z,2026-09-02T19:26:33.016Z,sintetico_docente,1.0.0-demo
,,,docente,SIM-000100,99,True,True,True,True,True,platano_primero,platano,50,70,50,63,95,6.976,4.665,Me guié por la forma y por el contraste entre ambos símbolos.,2026-09-02T19:33:00.000Z,2026-09-02T19:33:12.000Z,2026-09-02T19:33:20.226Z,2026-09-02T19:33:31.391Z,sintetico_docente,1.0.0-demo
,,,docente,SIM-000101,100,True,True,True,True,True,naranja_primero,naranja,90,90,50,43,67,4.83,6.94,Me basé en la geometría de las señales y en una asociación espontánea.,2026-09-02T19:40:00.000Z,2026-09-02T19:40:12.000Z,2026-09-02T19:40:18.080Z,2026-09-02T19:40:31.520Z,sintetico_docente,1.0.0-demo
,,,docente,SIM-000102,101,True,True,True,True,True,naranja_primero,naranja,90,90,70,53,66,9.674,5.231,Intenté escoger opciones que otra persona pudiera considerar puntos focales.,2026-09-02T19:47:00.000Z,2026-09-02T19:47:12.000Z,2026-09-02T19:47:22.924Z,2026-09-02T19:47:34.655Z,sintetico_docente,1.0.0-demo
,,,docente,SIM-000103,102,True,True,True,True,True,platano_primero,platano,50,90,50,79,83,9.998,5.689,Pensé en cómo se verían las siluetas desde lejos y comparé sus formas.,2026-09-02T19:54:00.000Z,2026-09-02T19:54:12.000Z,2026-09-02T19:54:23.248Z,2026-09-02T19:54:35.437Z,sintetico_docente,1.0.0-demo
,,,docente,SIM-000104,103,True,True,True,True,True,platano_primero,platano,50,90,50,61,76,6.023,5.7,Me guié por la forma y por el contraste entre ambos símbolos.,2026-09-02T20:01:00.000Z,2026-09-02T20:01:12.000Z,2026-09-02T20:01:19.273Z,2026-09-02T20:01:31.473Z,sintetico_docente,1.0.0-demo
,,,docente,SIM-000105,104,True,True,True,True,True,naranja_primero,naranja,90,90,90,71,79,6.779,3.019,"Comparé peso aparente y forma, sin asumir que existiera una respuesta correcta.",2026-09-02T20:08:00.000Z,2026-09-02T20:08:12.000Z,2026-09-02T20:08:20.029Z,2026-09-02T20:08:29.548Z,sintetico_docente,1.0.0-demo
,,,docente,SIM-000106,105,True,True,True,True,True,platano_primero,platano,90,110,90,63,70,3.623,4.149,Usé una intuición visual y mantuve una diferencia moderada entre las señales.,2026-09-02T20:15:00.000Z,2026-09-02T20:15:12.000Z,2026-09-02T20:15:16.873Z,2026-09-02T20:15:27.522Z,sintetico_docente,1.0.0-demo
,,,docente,SIM-000107,106,True,True,True,True,True,platano_primero,platano,50,90,50,90,64,11.016,9.675,Me basé en la geometría de las señales y en una asociación espontánea.,2026-09-02T20:22:00.000Z,2026-09-02T20:22:12.000Z,2026-09-02T20:22:24.266Z,2026-09-02T20:22:40.441Z,sintetico_docente,1.0.0-demo
,,,docente,SIM-000108,107,True,True,True,True,True,platano_primero,platano,70,90,70,81,62,8.623,10.108,Me basé en la geometría de las señales y en una asociación espontánea.,2026-09-02T20:29:00.000Z,2026-09-02T20:29:12.000Z,2026-09-02T20:29:21.873Z,2026-09-02T20:29:38.481Z,sintetico_docente,1.0.0-demo
,,,docente,SIM-000109,108,True,True,True,True,True,naranja_primero,naranja,110,110,90,60,87,5.702,11.286,La silueta redonda me pareció más focal; para la otra escogí una categoría cercana.,2026-09-02T20:36:00.000Z,2026-09-02T20:36:12.000Z,2026-09-02T20:36:18.952Z,2026-09-02T20:36:36.738Z,sintetico_docente,1.0.0-demo
,,,docente,SIM-000110,109,True,True,True,True,True,naranja_primero,naranja,90,90,70,59,63,6.948,4.278,Usé una intuición visual y mantuve una diferencia moderada entre las señales.,2026-09-02T20:43:00.000Z,2026-09-02T20:43:12.000Z,2026-09-02T20:43:20.198Z,2026-09-02T20:43:30.976Z,sintetico_docente,1.0.0-demo
,,,docente,SIM-000111,110,True,True,True,True,True,platano_primero,platano,50,90,50,77,72,6.8,4.37,Elegí categorías centrales porque imaginé una convención fácil de coordinar.,2026-09-02T20:50:00.000Z,2026-09-02T20:50:12.000Z,2026-09-02T20:50:20.050Z,2026-09-02T20:50:30.920Z,sintetico_docente,1.0.0-demo
,,,docente,SIM-000112,111,True,True,True,True,True,naranja_primero,naranja,90,90,70,61,46,10.723,11.962,La naranja parecía compacta y el plátano más ligero; fue una asociación intuitiva.,2026-09-02T20:57:00.000Z,2026-09-02T20:57:12.000Z,2026-09-02T20:57:23.973Z,2026-09-02T20:57:42.435Z,sintetico_docente,1.0.0-demo
,,,docente,SIM-000113,112,True,True,True,True,True,platano_primero,platano,70,90,70,68,53,14.762,8.81,La silueta redonda me pareció más focal; para la otra escogí una categoría cercana.,2026-09-02T21:04:00.000Z,2026-09-02T21:04:12.000Z,2026-09-02T21:04:28.012Z,2026-09-02T21:04:43.322Z,sintetico_docente,1.0.0-demo
,,,docente,SIM-000114,113,True,True,True,True,True,naranja_primero,naranja,90,90,70,71,45,7.484,8.342,La silueta redonda me pareció más focal; para la otra escogí una categoría cercana.,2026-09-02T21:11:00.000Z,2026-09-02T21:11:12.000Z,2026-09-02T21:11:20.734Z,2026-09-02T21:11:35.576Z,sintetico_docente,1.0.0-demo
,,,docente,SIM-000115,114,True,True,True,True,True,naranja_primero,naranja,90,90,70,57,61,9.094,1.123,Elegí categorías centrales porque imaginé una convención fácil de coordinar.,2026-09-02T21:18:00.000Z,2026-09-02T21:18:12.000Z,2026-09-02T21:18:22.344Z,2026-09-02T21:18:29.967Z,sintetico_docente,1.0.0-demo
,,,docente,SIM-000116,115,True,True,True,True,True,platano_primero,platano,50,90,50,76,87,7.888,2.063,La forma redonda me sugirió una velocidad estable y la silueta alargada una menor.,2026-09-02T21:25:00.000Z,2026-09-02T21:25:12.000Z,2026-09-02T21:25:21.138Z,2026-09-02T21:25:29.701Z,sintetico_docente,1.0.0-demo
,,,docente,SIM-000117,116,True,True,True,True,True,naranja_primero,naranja,70,70,70,66,79,4.348,9.798,Me guié por la forma y por el contraste entre ambos símbolos.,2026-09-02T21:32:00.000Z,2026-09-02T21:32:12.000Z,2026-09-02T21:32:17.598Z,2026-09-02T21:32:33.896Z,sintetico_docente,1.0.0-demo
,,,docente,SIM-000118,117,True,True,True,True,True,naranja_primero,naranja,90,90,90,64,79,7.542,6.77,La curva de un símbolo y la geometría del otro orientaron mi elección.,2026-09-02T21:39:00.000Z,2026-09-02T21:39:12.000Z,2026-09-02T21:39:20.792Z,2026-09-02T21:39:34.062Z,sintetico_docente,1.0.0-demo
,,,docente,SIM-000119,118,True,True,True,True,True,platano_primero,platano,50,90,50,87,74,5.41,5.601,La silueta redonda me pareció más focal; para la otra escogí una categoría cercana.,2026-09-02T21:46:00.000Z,2026-09-02T21:46:12.000Z,2026-09-02T21:46:18.660Z,2026-09-02T21:46:30.761Z,sintetico_docente,1.0.0-demo
,,,docente,SIM-000120,119,True,True,True,True,True,platano_primero,platano,90,110,90,71,70,8.302,8.893,Me basé en la geometría de las señales y en una asociación espontánea.,2026-09-02T21:53:00.000Z,2026-09-02T21:53:12.000Z,2026-09-02T21:53:21.552Z,2026-09-02T21:53:36.945Z,sintetico_docente,1.0.0-demo
,,,docente,SIM-000121,120,True,True,True,True,True,platano_primero,platano,50,90,50,80,66,5.826,2.745,La curva de un símbolo y la geometría del otro orientaron mi elección.,2026-09-02T22:00:00.000Z,2026-09-02T22:00:12.000Z,2026-09-02T22:00:19.076Z,2026-09-02T22:00:28.321Z,sintetico_docente,1.0.0-demo
,,,docente,SIM-000122,121,True,True,True,True,True,naranja_primero,naranja,90,90,90,98,69,7.257,4.407,Usé una intuición visual y mantuve una diferencia moderada entre las señales.,2026-09-02T22:07:00.000Z,2026-09-02T22:07:12.000Z,2026-09-02T22:07:20.507Z,2026-09-02T22:07:31.414Z,sintetico_docente,1.0.0-demo
,,,docente,SIM-000123,122,True,True,True,True,True,naranja_primero,naranja,90,90,70,77,77,4.884,8.354,Intenté escoger opciones que otra persona pudiera considerar puntos focales.,2026-09-02T22:14:00.000Z,2026-09-02T22:14:12.000Z,2026-09-02T22:14:18.134Z,2026-09-02T22:14:32.988Z,sintetico_docente,1.0.0-demo
,,,docente,SIM-000124,123,True,True,True,True,True,platano_primero,platano,90,110,90,76,73,11.666,10.854,"Comparé peso aparente y forma, sin asumir que existiera una respuesta correcta.",2026-09-02T22:21:00.000Z,2026-09-02T22:21:12.000Z,2026-09-02T22:21:24.916Z,2026-09-02T22:21:42.270Z,sintetico_docente,1.0.0-demo
,,,docente,SIM-000125,124,True,True,True,True,True,platano_primero,platano,110,110,110,68,79,3.979,9.346,Elegí categorías centrales porque imaginé una convención fácil de coordinar.,2026-09-02T22:28:00.000Z,2026-09-02T22:28:12.000Z,2026-09-02T22:28:17.229Z,2026-09-02T22:28:33.075Z,sintetico_docente,1.0.0-demo
,,,docente,SIM-000126,125,True,True,True,True,True,naranja_primero,naranja,110,110,90,72,96,6.789,5.5,Pensé en cómo se verían las siluetas desde lejos y comparé sus formas.,2026-09-02T22:35:00.000Z,2026-09-02T22:35:12.000Z,2026-09-02T22:35:20.039Z,2026-09-02T22:35:32.039Z,sintetico_docente,1.0.0-demo
,,,docente,SIM-000127,126,True,True,True,True,True,naranja_primero,naranja,90,90,90,80,91,5.347,7.959,La naranja parecía compacta y el plátano más ligero; fue una asociación intuitiva.,2026-09-02T22:42:00.000Z,2026-09-02T22:42:12.000Z,2026-09-02T22:42:18.597Z,2026-09-02T22:42:33.056Z,sintetico_docente,1.0.0-demo
,,,docente,SIM-000128,127,True,True,True,True,True,platano_primero,platano,70,110,70,49,67,10.322,5.393,Elegí categorías centrales porque imaginé una convención fácil de coordinar.,2026-09-02T22:49:00.000Z,2026-09-02T22:49:12.000Z,2026-09-02T22:49:23.572Z,2026-09-02T22:49:35.465Z,sintetico_docente,1.0.0-demo
,,,docente,SIM-000129,128,True,True,True,True,True,naranja_primero,naranja,70,70,70,57,74,5.063,4.49,Intenté escoger opciones que otra persona pudiera considerar puntos focales.,2026-09-02T22:56:00.000Z,2026-09-02T22:56:12.000Z,2026-09-02T22:56:18.313Z,2026-09-02T22:56:29.303Z,sintetico_docente,1.0.0-demo
,,,docente,SIM-000130,129,True,True,True,True,True,platano_primero,platano,90,110,90,66,86,6.273,5.527,La curva de un símbolo y la geometría del otro orientaron mi elección.,2026-09-02T23:03:00.000Z,2026-09-02T23:03:12.000Z,2026-09-02T23:03:19.523Z,2026-09-02T23:03:31.550Z,sintetico_docente,1.0.0-demo
,,,docente,SIM-000131,130,True,True,True,True,True,platano_primero,platano,70,90,70,38,54,6.204,5.219,La forma redonda me sugirió una velocidad estable y la silueta alargada una menor.,2026-09-02T23:10:00.000Z,2026-09-02T23:10:12.000Z,2026-09-02T23:10:19.454Z,2026-09-02T23:10:31.173Z,sintetico_docente,1.0.0-demo
,,,docente,SIM-000132,131,True,True,True,True,True,naranja_primero,naranja,110,110,50,74,56,7.95,5.755,La naranja parecía compacta y el plátano más ligero; fue una asociación intuitiva.,2026-09-02T23:17:00.000Z,2026-09-02T23:17:12.000Z,2026-09-02T23:17:21.200Z,2026-09-02T23:17:33.455Z,sintetico_docente,1.0.0-demo
,,,docente,SIM-000133,132,True,True,True,True,True,naranja_primero,naranja,90,90,70,79,63,9.969,6.19,Usé una intuición visual y mantuve una diferencia moderada entre las señales.,2026-09-02T23:24:00.000Z,2026-09-02T23:24:12.000Z,2026-09-02T23:24:23.219Z,2026-09-02T23:24:35.909Z,sintetico_docente,1.0.0-demo
,,,docente,SIM-000134,133,True,True,True,True,True,platano_primero,platano,110,110,110,60,63,12.339,8.114,Me basé en la geometría de las señales y en una asociación espontánea.,2026-09-02T23:31:00.000Z,2026-09-02T23:31:12.000Z,2026-09-02T23:31:25.589Z,2026-09-02T23:31:40.203Z,sintetico_docente,1.0.0-demo
,,,docente,SIM-000135,134,True,True,True,True,True,naranja_primero,naranja,90,90,70,62,76,8.062,8.116,Usé una intuición visual y mantuve una diferencia moderada entre las señales.,2026-09-02T23:38:00.000Z,2026-09-02T23:38:12.000Z,2026-09-02T23:38:21.312Z,2026-09-02T23:38:35.928Z,sintetico_docente,1.0.0-demo
,,,docente,SIM-000136,135,True,True,True,True,True,naranja_primero,naranja,90,90,50,76,72,6.445,5.675,Usé una intuición visual y mantuve una diferencia moderada entre las señales.,2026-09-02T23:45:00.000Z,2026-09-02T23:45:12.000Z,2026-09-02T23:45:19.695Z,2026-09-02T23:45:31.870Z,sintetico_docente,1.0.0-demo
,,,docente,SIM-000137,136,True,True,True,True,True,platano_primero,platano,70,70,70,65,94,7.384,7.266,Elegí categorías centrales porque imaginé una convención fácil de coordinar.,2026-09-02T23:52:00.000Z,2026-09-02T23:52:12.000Z,2026-09-02T23:52:20.634Z,2026-09-02T23:52:34.400Z,sintetico_docente,1.0.0-demo
,,,docente,SIM-000138,137,True,True,True,True,True,naranja_primero,naranja,110,110,90,49,78,1.196,8.691,Me basé en la geometría de las señales y en una asociación espontánea.,2026-09-02T23:59:00.000Z,2026-09-02T23:59:12.000Z,2026-09-02T23:59:14.446Z,2026-09-02T23:59:29.637Z,sintetico_docente,1.0.0-demo
,,,docente,SIM-000139,138,True,True,True,True,True,platano_primero,platano,50,70,50,72,61,5.577,6.542,Me guié por la forma y por el contraste entre ambos símbolos.,2026-09-03T00:06:00.000Z,2026-09-03T00:06:12.000Z,2026-09-03T00:06:18.827Z,2026-09-03T00:06:31.869Z,sintetico_docente,1.0.0-demo
,,,docente,SIM-000140,139,True,True,True,True,True,platano_primero,platano,70,110,70,74,70,7.946,7.034,La forma redonda me sugirió una velocidad estable y la silueta alargada una menor.,2026-09-03T00:13:00.000Z,2026-09-03T00:13:12.000Z,2026-09-03T00:13:21.196Z,2026-09-03T00:13:34.730Z,sintetico_docente,1.0.0-demo
,,,docente,SIM-000141,140,True,True,True,True,True,platano_primero,platano,70,90,70,77,80,5.998,10.175,Pensé en cómo se verían las siluetas desde lejos y comparé sus formas.,2026-09-03T00:20:00.000Z,2026-09-03T00:20:12.000Z,2026-09-03T00:20:19.248Z,2026-09-03T00:20:35.923Z,sintetico_docente,1.0.0-demo
,,,docente,SIM-000142,141,True,True,True,True,True,platano_primero,platano,70,90,70,69,65,8.631,6.467,Me basé en la geometría de las señales y en una asociación espontánea.,2026-09-03T00:27:00.000Z,2026-09-03T00:27:12.000Z,2026-09-03T00:27:21.881Z,2026-09-03T00:27:34.848Z,sintetico_docente,1.0.0-demo
,,,docente,SIM-000143,142,True,True,True,True,True,naranja_primero,naranja,90,90,70,77,74,14.597,8.918,Fue una elección por contraste visual entre una figura compacta y otra alargada.,2026-09-03T00:34:00.000Z,2026-09-03T00:34:12.000Z,2026-09-03T00:34:27.847Z,2026-09-03T00:34:43.265Z,sintetico_docente,1.0.0-demo
,,,docente,SIM-000144,143,True,True,True,True,True,naranja_primero,naranja,90,90,90,60,49,5.472,8.409,Fue una elección por contraste visual entre una figura compacta y otra alargada.,2026-09-03T00:41:00.000Z,2026-09-03T00:41:12.000Z,2026-09-03T00:41:18.722Z,2026-09-03T00:41:33.631Z,sintetico_docente,1.0.0-demo
,,,docente,SIM-000145,144,True,True,True,True,True,platano_primero,platano,70,90,70,94,65,12.355,4.672,Pensé en cómo se verían las siluetas desde lejos y comparé sus formas.,2026-09-03T00:48:00.000Z,2026-09-03T00:48:12.000Z,2026-09-03T00:48:25.605Z,2026-09-03T00:48:36.777Z,sintetico_docente,1.0.0-demo
,,,docente,SIM-000146,145,True,True,True,True,True,naranja_primero,naranja,110,110,90,72,60,4.683,8.632,Elegí categorías centrales porque imaginé una convención fácil de coordinar.,2026-09-03T00:55:00.000Z,2026-09-03T00:55:12.000Z,2026-09-03T00:55:17.933Z,2026-09-03T00:55:33.065Z,sintetico_docente,1.0.0-demo
,,,docente,SIM-000147,146,True,True,True,True,True,platano_primero,platano,70,90,70,71,64,6.522,5.165,Usé una intuición visual y mantuve una diferencia moderada entre las señales.,2026-09-03T01:02:00.000Z,2026-09-03T01:02:12.000Z,2026-09-03T01:02:19.772Z,2026-09-03T01:02:31.437Z,sintetico_docente,1.0.0-demo
,,,docente,SIM-000148,147,True,True,True,True,True,naranja_primero,naranja,70,70,50,75,55,4.824,9.511,La curva de un símbolo y la geometría del otro orientaron mi elección.,2026-09-03T01:09:00.000Z,2026-09-03T01:09:12.000Z,2026-09-03T01:09:18.074Z,2026-09-03T01:09:34.085Z,sintetico_docente,1.0.0-demo
,,,docente,SIM-000149,148,True,True,True,True,True,naranja_primero,naranja,90,90,70,57,71,8.334,8.538,Intenté escoger opciones que otra persona pudiera considerar puntos focales.,2026-09-03T01:16:00.000Z,2026-09-03T01:16:12.000Z,2026-09-03T01:16:21.584Z,2026-09-03T01:16:36.622Z,sintetico_docente,1.0.0-demo
,,,docente,SIM-000150,149,True,True,True,True,True,platano_primero,platano,30,70,30,62,60,4.388,5.987,Usé una intuición visual y mantuve una diferencia moderada entre las señales.,2026-09-03T01:23:00.000Z,2026-09-03T01:23:12.000Z,2026-09-03T01:23:17.638Z,2026-09-03T01:23:30.125Z,sintetico_docente,1.0.0-demo
,,,docente,SIM-000151,150,True,True,True,True,True,platano_primero,platano,90,90,90,81,58,8.295,10.014,Elegí categorías centrales porque imaginé una convención fácil de coordinar.,2026-09-03T01:30:00.000Z,2026-09-03T01:30:12.000Z,2026-09-03T01:30:21.545Z,2026-09-03T01:30:38.059Z,sintetico_docente,1.0.0-demo
,,,docente,SIM-000152,151,True,True,True,True,True,naranja_primero,naranja,70,70,50,69,59,3.041,6.558,Elegí categorías centrales porque imaginé una convención fácil de coordinar.,2026-09-03T01:37:00.000Z,2026-09-03T01:37:12.000Z,2026-09-03T01:37:16.291Z,2026-09-03T01:37:29.349Z,sintetico_docente,1.0.0-demo
,,,docente,SIM-000153,152,True,True,True,True,True,naranja_primero,naranja,90,90,50,66,60,6.38,7.228,Elegí categorías centrales porque imaginé una convención fácil de coordinar.,2026-09-03T01:44:00.000Z,2026-09-03T01:44:12.000Z,2026-09-03T01:44:19.630Z,2026-09-03T01:44:33.358Z,sintetico_docente,1.0.0-demo
,,,docente,SIM-000154,153,True,True,True,True,True,naranja_primero,naranja,90,90,70,81,78,8.448,13.397,Usé una intuición visual y mantuve una diferencia moderada entre las señales.,2026-09-03T01:51:00.000Z,2026-09-03T01:51:12.000Z,2026-09-03T01:51:21.698Z,2026-09-03T01:51:41.595Z,sintetico_docente,1.0.0-demo
,,,docente,SIM-000155,154,True,True,True,True,True,platano_primero,platano,90,90,90,51,81,7.691,1.269,La forma redonda me sugirió una velocidad estable y la silueta alargada una menor.,2026-09-03T01:58:00.000Z,2026-09-03T01:58:12.000Z,2026-09-03T01:58:20.941Z,2026-09-03T01:58:28.710Z,sintetico_docente,1.0.0-demo
,,,docente,SIM-000156,155,True,True,True,True,True,platano_primero,platano,50,110,50,79,74,4.793,5.794,Elegí categorías centrales porque imaginé una convención fácil de coordinar.,2026-09-03T02:05:00.000Z,2026-09-03T02:05:12.000Z,2026-09-03T02:05:18.043Z,2026-09-03T02:05:30.337Z,sintetico_docente,1.0.0-demo
,,,docente,SIM-000157,156,True,True,True,True,True,naranja_primero,naranja,90,90,70,76,62,7.176,5.783,"Comparé peso aparente y forma, sin asumir que existiera una respuesta correcta.",2026-09-03T02:12:00.000Z,2026-09-03T02:12:12.000Z,2026-09-03T02:12:20.426Z,2026-09-03T02:12:32.709Z,sintetico_docente,1.0.0-demo
,,,docente,SIM-000158,157,True,True,True,True,True,platano_primero,platano,70,110,70,83,54,9.165,11.051,La forma redonda me sugirió una velocidad estable y la silueta alargada una menor.,2026-09-03T02:19:00.000Z,2026-09-03T02:19:12.000Z,2026-09-03T02:19:22.415Z,2026-09-03T02:19:39.966Z,sintetico_docente,1.0.0-demo
,,,docente,SIM-000159,158,True,True,True,True,True,naranja_primero,naranja,90,90,70,55,73,7.874,17.842,Pensé en cómo se verían las siluetas desde lejos y comparé sus formas.,2026-09-03T02:26:00.000Z,2026-09-03T02:26:12.000Z,2026-09-03T02:26:21.124Z,2026-09-03T02:26:45.466Z,sintetico_docente,1.0.0-demo
,,,docente,SIM-000160,159,True,True,True,True,True,platano_primero,platano,90,110,90,54,70,12.415,8.353,Usé una intuición visual y mantuve una diferencia moderada entre las señales.,2026-09-03T02:33:00.000Z,2026-09-03T02:33:12.000Z,2026-09-03T02:33:25.665Z,2026-09-03T02:33:40.518Z,sintetico_docente,1.0.0-demo
,,,docente,SIM-000161,160,True,True,True,True,True,naranja_primero,naranja,90,90,70,75,86,6.688,9.329,Fue una elección por contraste visual entre una figura compacta y otra alargada.,2026-09-03T02:40:00.000Z,2026-09-03T02:40:12.000Z,2026-09-03T02:40:19.938Z,2026-09-03T02:40:35.767Z,sintetico_docente,1.0.0-demo
,,,docente,SIM-000162,161,True,True,True,True,True,naranja_primero,naranja,90,90,70,79,87,8.893,9.666,Elegí categorías centrales porque imaginé una convención fácil de coordinar.,2026-09-03T02:47:00.000Z,2026-09-03T02:47:12.000Z,2026-09-03T02:47:22.143Z,2026-09-03T02:47:38.309Z,sintetico_docente,1.0.0-demo
,,,docente,SIM-000163,162,True,True,True,True,True,platano_primero,platano,70,50,70,66,72,6.19,5.198,Usé una intuición visual y mantuve una diferencia moderada entre las señales.,2026-09-03T02:54:00.000Z,2026-09-03T02:54:12.000Z,2026-09-03T02:54:19.440Z,2026-09-03T02:54:31.138Z,sintetico_docente,1.0.0-demo
,,,docente,SIM-000164,163,True,True,True,True,True,platano_primero,platano,90,90,90,71,66,5.155,3.246,Pensé en cómo se verían las siluetas desde lejos y comparé sus formas.,2026-09-03T03:01:00.000Z,2026-09-03T03:01:12.000Z,2026-09-03T03:01:18.405Z,2026-09-03T03:01:28.151Z,sintetico_docente,1.0.0-demo
,,,docente,SIM-000165,164,True,True,True,True,True,platano_primero,platano,30,70,30,76,79,8.305,7.505,La naranja parecía compacta y el plátano más ligero; fue una asociación intuitiva.,2026-09-03T03:08:00.000Z,2026-09-03T03:08:12.000Z,2026-09-03T03:08:21.555Z,2026-09-03T03:08:35.560Z,sintetico_docente,1.0.0-demo
,,,docente,SIM-000166,165,True,True,True,True,True,naranja_primero,naranja,50,50,50,49,86,6.864,9.035,Usé una intuición visual y mantuve una diferencia moderada entre las señales.,2026-09-03T03:15:00.000Z,2026-09-03T03:15:12.000Z,2026-09-03T03:15:20.114Z,2026-09-03T03:15:35.649Z,sintetico_docente,1.0.0-demo
,,,docente,SIM-000167,166,True,True,True,True,True,platano_primero,platano,70,110,70,78,82,10.905,5.737,La silueta redonda me pareció más focal; para la otra escogí una categoría cercana.,2026-09-03T03:22:00.000Z,2026-09-03T03:22:12.000Z,2026-09-03T03:22:24.155Z,2026-09-03T03:22:36.392Z,sintetico_docente,1.0.0-demo
,,,docente,SIM-000168,167,True,True,True,True,True,naranja_primero,naranja,90,90,70,62,61,5.761,10.689,La forma redonda me sugirió una velocidad estable y la silueta alargada una menor.,2026-09-03T03:29:00.000Z,2026-09-03T03:29:12.000Z,2026-09-03T03:29:19.011Z,2026-09-03T03:29:36.200Z,sintetico_docente,1.0.0-demo
,,,docente,SIM-000169,168,True,True,True,True,True,naranja_primero,naranja,70,70,70,64,67,8.347,4.127,Intenté escoger opciones que otra persona pudiera considerar puntos focales.,2026-09-03T03:36:00.000Z,2026-09-03T03:36:12.000Z,2026-09-03T03:36:21.597Z,2026-09-03T03:36:32.224Z,sintetico_docente,1.0.0-demo
,,,docente,SIM-000170,169,True,True,True,True,True,platano_primero,platano,50,90,50,63,63,9.053,3.521,Me guié por la forma y por el contraste entre ambos símbolos.,2026-09-03T03:43:00.000Z,2026-09-03T03:43:12.000Z,2026-09-03T03:43:22.303Z,2026-09-03T03:43:32.324Z,sintetico_docente,1.0.0-demo
,,,docente,SIM-000171,170,True,True,True,True,True,naranja_primero,naranja,90,90,90,71,78,9.763,5.387,Me basé en la geometría de las señales y en una asociación espontánea.,2026-09-03T03:50:00.000Z,2026-09-03T03:50:12.000Z,2026-09-03T03:50:23.013Z,2026-09-03T03:50:34.900Z,sintetico_docente,1.0.0-demo
,,,docente,SIM-000172,171,True,True,True,True,True,naranja_primero,naranja,110,110,90,66,81,10.205,8.327,Pensé en cómo se verían las siluetas desde lejos y comparé sus formas.,2026-09-03T03:57:00.000Z,2026-09-03T03:57:12.000Z,2026-09-03T03:57:23.455Z,2026-09-03T03:57:38.282Z,sintetico_docente,1.0.0-demo
,,,docente,SIM-000173,172,True,True,True,True,True,platano_primero,platano,70,110,70,83,84,4.532,12.131,La forma redonda me sugirió una velocidad estable y la silueta alargada una menor.,2026-09-03T04:04:00.000Z,2026-09-03T04:04:12.000Z,2026-09-03T04:04:17.782Z,2026-09-03T04:04:36.413Z,sintetico_docente,1.0.0-demo
,,,docente,SIM-000174,173,True,True,True,True,True,platano_primero,platano,50,70,50,71,44,6.424,4.283,La curva de un símbolo y la geometría del otro orientaron mi elección.,2026-09-03T04:11:00.000Z,2026-09-03T04:11:12.000Z,2026-09-03T04:11:19.674Z,2026-09-03T04:11:30.457Z,sintetico_docente,1.0.0-demo
,,,docente,SIM-000175,174,True,True,True,True,True,naranja_primero,naranja,90,90,50,82,59,8.237,1.269,Me basé en la geometría de las señales y en una asociación espontánea.,2026-09-03T04:18:00.000Z,2026-09-03T04:18:12.000Z,2026-09-03T04:18:21.487Z,2026-09-03T04:18:29.256Z,sintetico_docente,1.0.0-demo
,,,docente,SIM-000176,175,True,True,True,True,True,naranja_primero,naranja,110,110,70,50,94,5.56,5.352,La curva de un símbolo y la geometría del otro orientaron mi elección.,2026-09-03T04:25:00.000Z,2026-09-03T04:25:12.000Z,2026-09-03T04:25:18.810Z,2026-09-03T04:25:30.662Z,sintetico_docente,1.0.0-demo
,,,docente,SIM-000177,176,True,True,True,True,True,platano_primero,platano,70,70,70,57,58,11.534,5.389,Intenté escoger opciones que otra persona pudiera considerar puntos focales.,2026-09-03T04:32:00.000Z,2026-09-03T04:32:12.000Z,2026-09-03T04:32:24.784Z,2026-09-03T04:32:36.673Z,sintetico_docente,1.0.0-demo
,,,docente,SIM-000178,177,True,True,True,True,True,naranja_primero,naranja,90,90,90,65,48,14.952,10.087,Intenté escoger opciones que otra persona pudiera considerar puntos focales.,2026-09-03T04:39:00.000Z,2026-09-03T04:39:12.000Z,2026-09-03T04:39:28.202Z,2026-09-03T04:39:44.789Z,sintetico_docente,1.0.0-demo
,,,docente,SIM-000179,178,True,True,True,True,True,platano_primero,platano,50,90,50,62,67,7.951,9.521,La naranja parecía compacta y el plátano más ligero; fue una asociación intuitiva.,2026-09-03T04:46:00.000Z,2026-09-03T04:46:12.000Z,2026-09-03T04:46:21.201Z,2026-09-03T04:46:37.222Z,sintetico_docente,1.0.0-demo
,,,docente,SIM-000180,179,True,True,True,True,True,platano_primero,platano,70,90,70,53,96,18.62,10.13,"Comparé peso aparente y forma, sin asumir que existiera una respuesta correcta.",2026-09-03T04:53:00.000Z,2026-09-03T04:53:12.000Z,2026-09-03T04:53:31.870Z,2026-09-03T04:53:48.500Z,sintetico_docente,1.0.0-demo
,,,docente,SIM-000181,180,True,True,True,True,True,naranja_primero,naranja,90,90,70,72,82,12.099,9.97,La curva de un símbolo y la geometría del otro orientaron mi elección.,2026-09-03T05:00:00.000Z,2026-09-03T05:00:12.000Z,2026-09-03T05:00:25.349Z,2026-09-03T05:00:41.819Z,sintetico_docente,1.0.0-demo
,,,docente,SIM-000182,181,True,True,True,True,True,naranja_primero,naranja,70,70,50,70,72,10.151,9.256,Elegí categorías centrales porque imaginé una convención fácil de coordinar.,2026-09-03T05:07:00.000Z,2026-09-03T05:07:12.000Z,2026-09-03T05:07:23.401Z,2026-09-03T05:07:39.157Z,sintetico_docente,1.0.0-demo
,,,docente,SIM-000183,182,True,True,True,True,True,naranja_primero,naranja,110,110,70,77,79,6.512,10.089,"Comparé peso aparente y forma, sin asumir que existiera una respuesta correcta.",2026-09-03T05:14:00.000Z,2026-09-03T05:14:12.000Z,2026-09-03T05:14:19.762Z,2026-09-03T05:14:36.351Z,sintetico_docente,1.0.0-demo
,,,docente,SIM-000184,183,True,True,True,True,True,platano_primero,platano,70,90,70,70,93,4.864,11.362,Fue una elección por contraste visual entre una figura compacta y otra alargada.,2026-09-03T05:21:00.000Z,2026-09-03T05:21:12.000Z,2026-09-03T05:21:18.114Z,2026-09-03T05:21:35.976Z,sintetico_docente,1.0.0-demo
,,,docente,SIM-000185,184,True,True,True,True,True,platano_primero,platano,90,110,90,77,81,17.017,4.093,Intenté escoger opciones que otra persona pudiera considerar puntos focales.,2026-09-03T05:28:00.000Z,2026-09-03T05:28:12.000Z,2026-09-03T05:28:30.267Z,2026-09-03T05:28:40.860Z,sintetico_docente,1.0.0-demo
,,,docente,SIM-000186,185,True,True,True,True,True,naranja_primero,naranja,90,90,30,68,67,5.947,8.593,La naranja parecía compacta y el plátano más ligero; fue una asociación intuitiva.,2026-09-03T05:35:00.000Z,2026-09-03T05:35:12.000Z,2026-09-03T05:35:19.197Z,2026-09-03T05:35:34.290Z,sintetico_docente,1.0.0-demo
,,,docente,SIM-000187,186,True,True,True,True,True,platano_primero,platano,70,90,70,60,85,8.788,7.943,"Comparé peso aparente y forma, sin asumir que existiera una respuesta correcta.",2026-09-03T05:42:00.000Z,2026-09-03T05:42:12.000Z,2026-09-03T05:42:22.038Z,2026-09-03T05:42:36.481Z,sintetico_docente,1.0.0-demo
,,,docente,SIM-000188,187,True,True,True,True,True,naranja_primero,naranja,90,90,50,70,39,10.823,6.836,La curva de un símbolo y la geometría del otro orientaron mi elección.,2026-09-03T05:49:00.000Z,2026-09-03T05:49:12.000Z,2026-09-03T05:49:24.073Z,2026-09-03T05:49:37.409Z,sintetico_docente,1.0.0-demo
,,,docente,SIM-000189,188,True,True,True,True,True,platano_primero,platano,70,110,70,69,77,1.342,7.309,La silueta redonda me pareció más focal; para la otra escogí una categoría cercana.,2026-09-03T05:56:00.000Z,2026-09-03T05:56:12.000Z,2026-09-03T05:56:14.592Z,2026-09-03T05:56:28.401Z,sintetico_docente,1.0.0-demo
,,,docente,SIM-000190,189,True,True,True,True,True,platano_primero,platano,50,90,50,78,63,5.619,3.992,Usé una intuición visual y mantuve una diferencia moderada entre las señales.,2026-09-03T06:03:00.000Z,2026-09-03T06:03:12.000Z,2026-09-03T06:03:18.869Z,2026-09-03T06:03:29.361Z,sintetico_docente,1.0.0-demo
,,,docente,SIM-000191,190,True,True,True,True,True,naranja_primero,naranja,90,90,70,75,90,8.026,11.786,Pensé en cómo se verían las siluetas desde lejos y comparé sus formas.,2026-09-03T06:10:00.000Z,2026-09-03T06:10:12.000Z,2026-09-03T06:10:21.276Z,2026-09-03T06:10:39.562Z,sintetico_docente,1.0.0-demo
,,,docente,SIM-000192,191,True,True,True,True,True,naranja_primero,naranja,90,90,70,95,63,7.334,7.625,Me guié por la forma y por el contraste entre ambos símbolos.,2026-09-03T06:17:00.000Z,2026-09-03T06:17:12.000Z,2026-09-03T06:17:20.584Z,2026-09-03T06:17:34.709Z,sintetico_docente,1.0.0-demo
,,,docente,SIM-000193,192,True,True,True,True,True,naranja_primero,naranja,90,90,70,52,46,5.309,8.805,Pensé en cómo se verían las siluetas desde lejos y comparé sus formas.,2026-09-03T06:24:00.000Z,2026-09-03T06:24:12.000Z,2026-09-03T06:24:18.559Z,2026-09-03T06:24:33.864Z,sintetico_docente,1.0.0-demo
,,,docente,SIM-000194,193,True,True,True,True,True,platano_primero,platano,70,90,70,60,88,12.899,6.041,La naranja parecía compacta y el plátano más ligero; fue una asociación intuitiva.,2026-09-03T06:31:00.000Z,2026-09-03T06:31:12.000Z,2026-09-03T06:31:26.149Z,2026-09-03T06:31:38.690Z,sintetico_docente,1.0.0-demo
,,,docente,SIM-000195,194,True,True,True,True,True,naranja_primero,naranja,90,90,50,79,90,6.093,9.684,Intenté escoger opciones que otra persona pudiera considerar puntos focales.,2026-09-03T06:38:00.000Z,2026-09-03T06:38:12.000Z,2026-09-03T06:38:19.343Z,2026-09-03T06:38:35.527Z,sintetico_docente,1.0.0-demo
,,,docente,SIM-000196,195,True,True,True,True,True,platano_primero,platano,90,90,90,77,81,15.858,7.482,La forma redonda me sugirió una velocidad estable y la silueta alargada una menor.,2026-09-03T06:45:00.000Z,2026-09-03T06:45:12.000Z,2026-09-03T06:45:29.108Z,2026-09-03T06:45:43.090Z,sintetico_docente,1.0.0-demo
,,,docente,SIM-000197,196,True,True,True,True,True,naranja_primero,naranja,90,90,50,67,71,5.183,10.907,Elegí categorías centrales porque imaginé una convención fácil de coordinar.,2026-09-03T06:52:00.000Z,2026-09-03T06:52:12.000Z,2026-09-03T06:52:18.433Z,2026-09-03T06:52:35.840Z,sintetico_docente,1.0.0-demo
,,,docente,SIM-000198,197,True,True,True,True,True,platano_primero,platano,50,90,50,68,50,5.744,7.482,Fue una elección por contraste visual entre una figura compacta y otra alargada.,2026-09-03T06:59:00.000Z,2026-09-03T06:59:12.000Z,2026-09-03T06:59:18.994Z,2026-09-03T06:59:32.976Z,sintetico_docente,1.0.0-demo
,,,docente,SIM-000199,198,True,True,True,True,True,platano_primero,platano,70,90,70,50,76,5.488,6.103,La naranja parecía compacta y el plátano más ligero; fue una asociación intuitiva.,2026-09-03T07:06:00.000Z,2026-09-03T07:06:12.000Z,2026-09-03T07:06:18.738Z,2026-09-03T07:06:31.341Z,sintetico_docente,1.0.0-demo
,,,docente,SIM-000200,199,True,True,True,True,True,platano_primero,platano,90,110,90,67,72,3.665,8.819,Me basé en la geometría de las señales y en una asociación espontánea.,2026-09-03T07:13:00.000Z,2026-09-03T07:13:12.000Z,2026-09-03T07:13:16.915Z,2026-09-03T07:13:32.234Z,sintetico_docente,1.0.0-demo
,,,docente,SIM-000201,200,True,True,True,True,True,platano_primero,platano,50,90,50,66,47,5.67,6.494,Elegí categorías centrales porque imaginé una convención fácil de coordinar.,2026-09-03T07:20:00.000Z,2026-09-03T07:20:12.000Z,2026-09-03T07:20:18.920Z,2026-09-03T07:20:31.914Z,sintetico_docente,1.0.0-demo
,,,docente,SIM-000202,201,True,True,True,True,True,naranja_primero,naranja,90,90,50,83,62,9.989,8.739,La curva de un símbolo y la geometría del otro orientaron mi elección.,2026-09-03T07:27:00.000Z,2026-09-03T07:27:12.000Z,2026-09-03T07:27:23.239Z,2026-09-03T07:27:38.478Z,sintetico_docente,1.0.0-demo
,,,docente,SIM-000203,202,True,True,True,True,True,platano_primero,platano,90,90,90,68,73,9.175,10.089,Me guié por la forma y por el contraste entre ambos símbolos.,2026-09-03T07:34:00.000Z,2026-09-03T07:34:12.000Z,2026-09-03T07:34:22.425Z,2026-09-03T07:34:39.014Z,sintetico_docente,1.0.0-demo
,,,docente,SIM-000204,203,True,True,True,True,True,naranja_primero,naranja,90,90,50,58,70,5.092,4.771,Intenté escoger opciones que otra persona pudiera considerar puntos focales.,2026-09-03T07:41:00.000Z,2026-09-03T07:41:12.000Z,2026-09-03T07:41:18.342Z,2026-09-03T07:41:29.613Z,sintetico_docente,1.0.0-demo
,,,docente,SIM-000205,204,True,True,True,True,True,platano_primero,platano,70,110,70,63,52,8.756,13.522,Me basé en la geometría de las señales y en una asociación espontánea.,2026-09-03T07:48:00.000Z,2026-09-03T07:48:12.000Z,2026-09-03T07:48:22.006Z,2026-09-03T07:48:42.028Z,sintetico_docente,1.0.0-demo
,,,docente,SIM-000206,205,True,True,True,True,True,platano_primero,platano,50,90,50,46,72,7.61,7.484,La forma redonda me sugirió una velocidad estable y la silueta alargada una menor.,2026-09-03T07:55:00.000Z,2026-09-03T07:55:12.000Z,2026-09-03T07:55:20.860Z,2026-09-03T07:55:34.844Z,sintetico_docente,1.0.0-demo
,,,docente,SIM-000207,206,True,True,True,True,True,naranja_primero,naranja,110,110,70,68,65,11.124,9.203,Usé una intuición visual y mantuve una diferencia moderada entre las señales.,2026-09-03T08:02:00.000Z,2026-09-03T08:02:12.000Z,2026-09-03T08:02:24.374Z,2026-09-03T08:02:40.077Z,sintetico_docente,1.0.0-demo
,,,docente,SIM-000208,207,True,True,True,True,True,naranja_primero,naranja,110,110,90,61,59,14.281,9.415,Elegí categorías centrales porque imaginé una convención fácil de coordinar.,2026-09-03T08:09:00.000Z,2026-09-03T08:09:12.000Z,2026-09-03T08:09:27.531Z,2026-09-03T08:09:43.446Z,sintetico_docente,1.0.0-demo
,,,docente,SIM-000209,208,True,True,True,True,True,platano_primero,platano,90,110,90,71,82,5.23,6.958,Me basé en la geometría de las señales y en una asociación espontánea.,2026-09-03T08:16:00.000Z,2026-09-03T08:16:12.000Z,2026-09-03T08:16:18.480Z,2026-09-03T08:16:31.938Z,sintetico_docente,1.0.0-demo
,,,docente,SIM-000210,209,True,True,True,True,True,naranja_primero,naranja,70,70,50,57,71,6.24,6.94,La curva de un símbolo y la geometría del otro orientaron mi elección.,2026-09-03T08:23:00.000Z,2026-09-03T08:23:12.000Z,2026-09-03T08:23:19.490Z,2026-09-03T08:23:32.930Z,sintetico_docente,1.0.0-demo
,,,docente,SIM-000211,210,True,True,True,True,True,naranja_primero,naranja,70,70,50,85,75,12.96,6.422,La forma redonda me sugirió una velocidad estable y la silueta alargada una menor.,2026-09-03T08:30:00.000Z,2026-09-03T08:30:12.000Z,2026-09-03T08:30:26.210Z,2026-09-03T08:30:39.132Z,sintetico_docente,1.0.0-demo
,,,docente,SIM-000212,211,True,True,True,True,True,naranja_primero,naranja,90,90,90,79,68,4.898,3.391,La naranja parecía compacta y el plátano más ligero; fue una asociación intuitiva.,2026-09-03T08:37:00.000Z,2026-09-03T08:37:12.000Z,2026-09-03T08:37:18.148Z,2026-09-03T08:37:28.039Z,sintetico_docente,1.0.0-demo
,,,docente,SIM-000213,212,True,True,True,True,True,naranja_primero,naranja,70,70,50,62,58,8.519,6.354,Me basé en la geometría de las señales y en una asociación espontánea.,2026-09-03T08:44:00.000Z,2026-09-03T08:44:12.000Z,2026-09-03T08:44:21.769Z,2026-09-03T08:44:34.623Z,sintetico_docente,1.0.0-demo
,,,docente,SIM-000214,213,True,True,True,True,True,platano_primero,platano,50,70,50,59,87,6.319,1.415,Usé una intuición visual y mantuve una diferencia moderada entre las señales.,2026-09-03T08:51:00.000Z,2026-09-03T08:51:12.000Z,2026-09-03T08:51:19.569Z,2026-09-03T08:51:27.484Z,sintetico_docente,1.0.0-demo
,,,docente,SIM-000215,214,True,True,True,True,True,platano_primero,platano,50,110,50,75,88,7.477,8.857,Intenté escoger opciones que otra persona pudiera considerar puntos focales.,2026-09-03T08:58:00.000Z,2026-09-03T08:58:12.000Z,2026-09-03T08:58:20.727Z,2026-09-03T08:58:36.084Z,sintetico_docente,1.0.0-demo
,,,docente,SIM-000216,215,True,True,True,True,True,platano_primero,platano,30,70,30,81,82,9.652,6.441,Me guié por la forma y por el contraste entre ambos símbolos.,2026-09-03T09:05:00.000Z,2026-09-03T09:05:12.000Z,2026-09-03T09:05:22.902Z,2026-09-03T09:05:35.843Z,sintetico_docente,1.0.0-demo
,,,docente,SIM-000217,216,True,True,True,True,True,platano_primero,platano,50,90,50,71,51,9.732,5.3,Intenté escoger opciones que otra persona pudiera considerar puntos focales.,2026-09-03T09:12:00.000Z,2026-09-03T09:12:12.000Z,2026-09-03T09:12:22.982Z,2026-09-03T09:12:34.782Z,sintetico_docente,1.0.0-demo
,,,docente,SIM-000218,217,True,True,True,True,True,naranja_primero,naranja,90,90,50,83,76,2.668,9.669,Intenté escoger opciones que otra persona pudiera considerar puntos focales.,2026-09-03T09:19:00.000Z,2026-09-03T09:19:12.000Z,2026-09-03T09:19:15.918Z,2026-09-03T09:19:32.087Z,sintetico_docente,1.0.0-demo
,,,docente,SIM-000219,218,True,True,True,True,True,platano_primero,platano,50,90,50,85,62,4.649,6.265,Usé una intuición visual y mantuve una diferencia moderada entre las señales.,2026-09-03T09:26:00.000Z,2026-09-03T09:26:12.000Z,2026-09-03T09:26:17.899Z,2026-09-03T09:26:30.664Z,sintetico_docente,1.0.0-demo
,,,docente,SIM-000220,219,True,True,True,True,True,naranja_primero,naranja,130,130,90,64,70,5.507,5.062,Elegí categorías centrales porque imaginé una convención fácil de coordinar.,2026-09-03T09:33:00.000Z,2026-09-03T09:33:12.000Z,2026-09-03T09:33:18.757Z,2026-09-03T09:33:30.319Z,sintetico_docente,1.0.0-demo
,,,docente,SIM-000221,220,True,True,True,True,True,naranja_primero,naranja,90,90,70,69,64,10.124,5.617,Usé una intuición visual y mantuve una diferencia moderada entre las señales.,2026-09-03T09:40:00.000Z,2026-09-03T09:40:12.000Z,2026-09-03T09:40:23.374Z,2026-09-03T09:40:35.491Z,sintetico_docente,1.0.0-demo
,,,docente,SIM-000222,221,True,True,True,True,True,platano_primero,platano,50,90,50,78,82,10.667,10.008,Usé una intuición visual y mantuve una diferencia moderada entre las señales.,2026-09-03T09:47:00.000Z,2026-09-03T09:47:12.000Z,2026-09-03T09:47:23.917Z,2026-09-03T09:47:40.425Z,sintetico_docente,1.0.0-demo
,,,docente,SIM-000223,222,True,True,True,True,True,platano_primero,platano,70,110,70,67,72,6.488,4.132,Intenté escoger opciones que otra persona pudiera considerar puntos focales.,2026-09-03T09:54:00.000Z,2026-09-03T09:54:12.000Z,2026-09-03T09:54:19.738Z,2026-09-03T09:54:30.370Z,sintetico_docente,1.0.0-demo
,,,docente,SIM-000224,223,True,True,True,True,True,platano_primero,platano,50,90,50,61,78,7.087,4.876,Intenté escoger opciones que otra persona pudiera considerar puntos focales.,2026-09-03T10:01:00.000Z,2026-09-03T10:01:12.000Z,2026-09-03T10:01:20.337Z,2026-09-03T10:01:31.713Z,sintetico_docente,1.0.0-demo
,,,docente,SIM-000225,224,True,True,True,True,True,platano_primero,platano,50,90,50,76,60,7.083,7.487,La silueta redonda me pareció más focal; para la otra escogí una categoría cercana.,2026-09-03T10:08:00.000Z,2026-09-03T10:08:12.000Z,2026-09-03T10:08:20.333Z,2026-09-03T10:08:34.320Z,sintetico_docente,1.0.0-demo
,,,docente,SIM-000226,225,True,True,True,True,True,naranja_primero,naranja,110,110,90,87,74,6.251,4.469,Me basé en la geometría de las señales y en una asociación espontánea.,2026-09-03T10:15:00.000Z,2026-09-03T10:15:12.000Z,2026-09-03T10:15:19.501Z,2026-09-03T10:15:30.470Z,sintetico_docente,1.0.0-demo
,,,docente,SIM-000227,226,True,True,True,True,True,naranja_primero,naranja,90,90,90,88,70,10.831,11.627,Me basé en la geometría de las señales y en una asociación espontánea.,2026-09-03T10:22:00.000Z,2026-09-03T10:22:12.000Z,2026-09-03T10:22:24.081Z,2026-09-03T10:22:42.208Z,sintetico_docente,1.0.0-demo
,,,docente,SIM-000228,227,True,True,True,True,True,naranja_primero,naranja,70,70,30,93,57,12.999,11.355,"Comparé peso aparente y forma, sin asumir que existiera una respuesta correcta.",2026-09-03T10:29:00.000Z,2026-09-03T10:29:12.000Z,2026-09-03T10:29:26.249Z,2026-09-03T10:29:44.104Z,sintetico_docente,1.0.0-demo
,,,docente,SIM-000229,228,True,True,True,True,True,platano_primero,platano,90,110,90,84,54,8.728,7.517,Intenté escoger opciones que otra persona pudiera considerar puntos focales.,2026-09-03T10:36:00.000Z,2026-09-03T10:36:12.000Z,2026-09-03T10:36:21.978Z,2026-09-03T10:36:35.995Z,sintetico_docente,1.0.0-demo
,,,docente,SIM-000230,229,True,True,True,True,True,naranja_primero,naranja,70,70,50,71,50,6.204,7.01,Fue una elección por contraste visual entre una figura compacta y otra alargada.,2026-09-03T10:43:00.000Z,2026-09-03T10:43:12.000Z,2026-09-03T10:43:19.454Z,2026-09-03T10:43:32.964Z,sintetico_docente,1.0.0-demo
,,,docente,SIM-000231,230,True,True,True,True,True,platano_primero,platano,70,110,70,67,71,6.602,3.018,"Comparé peso aparente y forma, sin asumir que existiera una respuesta correcta.",2026-09-03T10:50:00.000Z,2026-09-03T10:50:12.000Z,2026-09-03T10:50:19.852Z,2026-09-03T10:50:29.370Z,sintetico_docente,1.0.0-demo
,,,docente,SIM-000232,231,True,True,True,True,True,platano_primero,platano,70,90,70,81,53,6.47,5.461,La silueta redonda me pareció más focal; para la otra escogí una categoría cercana.,2026-09-03T10:57:00.000Z,2026-09-03T10:57:12.000Z,2026-09-03T10:57:19.720Z,2026-09-03T10:57:31.681Z,sintetico_docente,1.0.0-demo
,,,docente,SIM-000233,232,True,True,True,True,True,naranja_primero,naranja,70,70,30,62,62,7.769,7.702,Me guié por la forma y por el contraste entre ambos símbolos.,2026-09-03T11:04:00.000Z,2026-09-03T11:04:12.000Z,2026-09-03T11:04:21.019Z,2026-09-03T11:04:35.221Z,sintetico_docente,1.0.0-demo
,,,docente,SIM-000234,233,True,True,True,True,True,naranja_primero,naranja,70,70,50,60,66,4.969,4.651,Fue una elección por contraste visual entre una figura compacta y otra alargada.,2026-09-03T11:11:00.000Z,2026-09-03T11:11:12.000Z,2026-09-03T11:11:18.219Z,2026-09-03T11:11:29.370Z,sintetico_docente,1.0.0-demo
,,,docente,SIM-000235,234,True,True,True,True,True,platano_primero,platano,70,90,70,51,87,6.431,15.342,La forma redonda me sugirió una velocidad estable y la silueta alargada una menor.,2026-09-03T11:18:00.000Z,2026-09-03T11:18:12.000Z,2026-09-03T11:18:19.681Z,2026-09-03T11:18:41.523Z,sintetico_docente,1.0.0-demo
,,,docente,SIM-000236,235,True,True,True,True,True,naranja_primero,naranja,110,110,90,77,72,8.323,5.544,La curva de un símbolo y la geometría del otro orientaron mi elección.,2026-09-03T11:25:00.000Z,2026-09-03T11:25:12.000Z,2026-09-03T11:25:21.573Z,2026-09-03T11:25:33.617Z,sintetico_docente,1.0.0-demo
,,,docente,SIM-000237,236,True,True,True,True,True,platano_primero,platano,70,90,70,80,71,6.617,2.103,La forma redonda me sugirió una velocidad estable y la silueta alargada una menor.,2026-09-03T11:32:00.000Z,2026-09-03T11:32:12.000Z,2026-09-03T11:32:19.867Z,2026-09-03T11:32:28.470Z,sintetico_docente,1.0.0-demo
,,,docente,SIM-000238,237,True,True,True,True,True,naranja_primero,naranja,70,70,50,74,66,5.865,3.923,Fue una elección por contraste visual entre una figura compacta y otra alargada.,2026-09-03T11:39:00.000Z,2026-09-03T11:39:12.000Z,2026-09-03T11:39:19.115Z,2026-09-03T11:39:29.538Z,sintetico_docente,1.0.0-demo
,,,docente,SIM-000239,238,True,True,True,True,True,naranja_primero,naranja,90,90,50,57,67,9.309,5.667,Fue una elección por contraste visual entre una figura compacta y otra alargada.,2026-09-03T11:46:00.000Z,2026-09-03T11:46:12.000Z,2026-09-03T11:46:22.559Z,2026-09-03T11:46:34.726Z,sintetico_docente,1.0.0-demo
,,,docente,SIM-000240,239,True,True,True,True,True,platano_primero,platano,90,110,90,70,72,6.645,6.831,Elegí categorías centrales porque imaginé una convención fácil de coordinar.,2026-09-03T11:53:00.000Z,2026-09-03T11:53:12.000Z,2026-09-03T11:53:19.895Z,2026-09-03T11:53:33.226Z,sintetico_docente,1.0.0-demo
,,,docente,SIM-000241,240,True,True,True,True,True,platano_primero,platano,50,70,50,71,77,5.063,7.836,Pensé en cómo se verían las siluetas desde lejos y comparé sus formas.,2026-09-03T12:00:00.000Z,2026-09-03T12:00:12.000Z,2026-09-03T12:00:18.313Z,2026-09-03T12:00:32.649Z,sintetico_docente,1.0.0-demo
,,,docente,SIM-000242,241,True,True,True,True,True,naranja_primero,naranja,90,90,90,57,73,9.988,11.461,Me guié por la forma y por el contraste entre ambos símbolos.,2026-09-03T12:07:00.000Z,2026-09-03T12:07:12.000Z,2026-09-03T12:07:23.238Z,2026-09-03T12:07:41.199Z,sintetico_docente,1.0.0-demo
,,,docente,SIM-000243,242,True,True,True,True,True,platano_primero,platano,70,90,70,70,88,2.937,6.051,Pensé en cómo se verían las siluetas desde lejos y comparé sus formas.,2026-09-03T12:14:00.000Z,2026-09-03T12:14:12.000Z,2026-09-03T12:14:16.187Z,2026-09-03T12:14:28.738Z,sintetico_docente,1.0.0-demo
,,,docente,SIM-000244,243,True,True,True,True,True,naranja_primero,naranja,70,70,50,71,81,5.714,10.528,La silueta redonda me pareció más focal; para la otra escogí una categoría cercana.,2026-09-03T12:21:00.000Z,2026-09-03T12:21:12.000Z,2026-09-03T12:21:18.964Z,2026-09-03T12:21:35.992Z,sintetico_docente,1.0.0-demo
,,,docente,SIM-000245,244,True,True,True,True,True,platano_primero,platano,90,90,90,57,65,8.396,6.818,La curva de un símbolo y la geometría del otro orientaron mi elección.,2026-09-03T12:28:00.000Z,2026-09-03T12:28:12.000Z,2026-09-03T12:28:21.646Z,2026-09-03T12:28:34.964Z,sintetico_docente,1.0.0-demo
,,,docente,SIM-000246,245,True,True,True,True,True,platano_primero,platano,50,30,50,65,64,10.004,6.602,Elegí categorías centrales porque imaginé una convención fácil de coordinar.,2026-09-03T12:35:00.000Z,2026-09-03T12:35:12.000Z,2026-09-03T12:35:23.254Z,2026-09-03T12:35:36.356Z,sintetico_docente,1.0.0-demo
,,,docente,SIM-000247,246,True,True,True,True,True,naranja_primero,naranja,90,90,70,59,68,5.852,4.858,Fue una elección por contraste visual entre una figura compacta y otra alargada.,2026-09-03T12:42:00.000Z,2026-09-03T12:42:12.000Z,2026-09-03T12:42:19.102Z,2026-09-03T12:42:30.460Z,sintetico_docente,1.0.0-demo
,,,docente,SIM-000248,247,True,True,True,True,True,naranja_primero,naranja,70,70,70,48,66,1.342,8.581,La curva de un símbolo y la geometría del otro orientaron mi elección.,2026-09-03T12:49:00.000Z,2026-09-03T12:49:12.000Z,2026-09-03T12:49:14.592Z,2026-09-03T12:49:29.673Z,sintetico_docente,1.0.0-demo
,,,docente,SIM-000249,248,True,True,True,True,True,naranja_primero,naranja,70,70,50,71,65,11.777,13.755,Me guié por la forma y por el contraste entre ambos símbolos.,2026-09-03T12:56:00.000Z,2026-09-03T12:56:12.000Z,2026-09-03T12:56:25.027Z,2026-09-03T12:56:45.282Z,sintetico_docente,1.0.0-demo
,,,docente,SIM-000250,249,True,True,True,True,True,platano_primero,platano,90,110,90,100,59,7.674,4.962,Me basé en la geometría de las señales y en una asociación espontánea.,2026-09-03T13:03:00.000Z,2026-09-03T13:03:12.000Z,2026-09-03T13:03:20.924Z,2026-09-03T13:03:32.386Z,sintetico_docente,1.0.0-demo
,,,docente,SIM-000251,250,True,True,True,True,True,naranja_primero,naranja,90,90,50,87,67,6.916,5.995,La silueta redonda me pareció más focal; para la otra escogí una categoría cercana.,2026-09-03T13:10:00.000Z,2026-09-03T13:10:12.000Z,2026-09-03T13:10:20.166Z,2026-09-03T13:10:32.661Z,sintetico_docente,1.0.0-demo
,,,docente,SIM-000252,251,True,True,True,True,True,naranja_primero,naranja,70,70,50,83,70,4.797,5.395,Elegí categorías centrales porque imaginé una convención fácil de coordinar.,2026-09-03T13:17:00.000Z,2026-09-03T13:17:12.000Z,2026-09-03T13:17:18.047Z,2026-09-03T13:17:29.942Z,sintetico_docente,1.0.0-demo
,,,docente,SIM-000253,252,True,True,True,True,True,platano_primero,platano,70,90,70,56,93,6.436,11.479,La forma redonda me sugirió una velocidad estable y la silueta alargada una menor.,2026-09-03T13:24:00.000Z,2026-09-03T13:24:12.000Z,2026-09-03T13:24:19.686Z,2026-09-03T13:24:37.665Z,sintetico_docente,1.0.0-demo
,,,docente,SIM-000254,253,True,True,True,True,True,naranja_primero,naranja,90,90,70,81,54,4.101,7.093,Me basé en la geometría de las señales y en una asociación espontánea.,2026-09-03T13:31:00.000Z,2026-09-03T13:31:12.000Z,2026-09-03T13:31:17.351Z,2026-09-03T13:31:30.944Z,sintetico_docente,1.0.0-demo
,,,docente,SIM-000255,254,True,True,True,True,True,platano_primero,platano,90,130,90,66,74,1.488,12.62,Intenté escoger opciones que otra persona pudiera considerar puntos focales.,2026-09-03T13:38:00.000Z,2026-09-03T13:38:12.000Z,2026-09-03T13:38:14.738Z,2026-09-03T13:38:33.858Z,sintetico_docente,1.0.0-demo
,,,docente,SIM-000256,255,True,True,True,True,True,naranja_primero,naranja,70,70,70,64,78,17.129,9.029,Elegí categorías centrales porque imaginé una convención fácil de coordinar.,2026-09-03T13:45:00.000Z,2026-09-03T13:45:12.000Z,2026-09-03T13:45:30.379Z,2026-09-03T13:45:45.908Z,sintetico_docente,1.0.0-demo
,,,docente,SIM-000257,256,True,True,True,True,True,platano_primero,platano,70,70,70,64,67,7.912,7.767,"Comparé peso aparente y forma, sin asumir que existiera una respuesta correcta.",2026-09-03T13:52:00.000Z,2026-09-03T13:52:12.000Z,2026-09-03T13:52:21.162Z,2026-09-03T13:52:35.429Z,sintetico_docente,1.0.0-demo
,,,docente,SIM-000258,257,True,True,True,True,True,naranja_primero,naranja,90,90,50,57,91,9.675,9.342,La naranja parecía compacta y el plátano más ligero; fue una asociación intuitiva.,2026-09-03T13:59:00.000Z,2026-09-03T13:59:12.000Z,2026-09-03T13:59:22.925Z,2026-09-03T13:59:38.767Z,sintetico_docente,1.0.0-demo
,,,docente,SIM-000259,258,True,True,True,True,True,platano_primero,platano,70,90,70,91,71,8.984,7.343,La forma redonda me sugirió una velocidad estable y la silueta alargada una menor.,2026-09-03T14:06:00.000Z,2026-09-03T14:06:12.000Z,2026-09-03T14:06:22.234Z,2026-09-03T14:06:36.077Z,sintetico_docente,1.0.0-demo
,,,docente,SIM-000260,259,True,True,True,True,True,platano_primero,platano,70,90,70,85,100,10.553,4.411,La curva de un símbolo y la geometría del otro orientaron mi elección.,2026-09-03T14:13:00.000Z,2026-09-03T14:13:12.000Z,2026-09-03T14:13:23.803Z,2026-09-03T14:13:34.714Z,sintetico_docente,1.0.0-demo
,,,docente,SIM-000261,260,True,True,True,True,True,naranja_primero,naranja,90,90,70,89,70,9.073,12.255,"Comparé peso aparente y forma, sin asumir que existiera una respuesta correcta.",2026-09-03T14:20:00.000Z,2026-09-03T14:20:12.000Z,2026-09-03T14:20:22.323Z,2026-09-03T14:20:41.078Z,sintetico_docente,1.0.0-demo
,,,docente,SIM-000262,261,True,True,True,True,True,naranja_primero,naranja,90,90,70,78,76,5.504,6.776,Fue una elección por contraste visual entre una figura compacta y otra alargada.,2026-09-03T14:27:00.000Z,2026-09-03T14:27:12.000Z,2026-09-03T14:27:18.754Z,2026-09-03T14:27:32.030Z,sintetico_docente,1.0.0-demo
,,,docente,SIM-000263,262,True,True,True,True,True,platano_primero,platano,50,50,50,69,85,13.785,5.642,Fue una elección por contraste visual entre una figura compacta y otra alargada.,2026-09-03T14:34:00.000Z,2026-09-03T14:34:12.000Z,2026-09-03T14:34:27.035Z,2026-09-03T14:34:39.177Z,sintetico_docente,1.0.0-demo
,,,docente,SIM-000264,263,True,True,True,True,True,platano_primero,platano,90,90,90,69,100,6.599,6.234,Intenté escoger opciones que otra persona pudiera considerar puntos focales.,2026-09-03T14:41:00.000Z,2026-09-03T14:41:12.000Z,2026-09-03T14:41:19.849Z,2026-09-03T14:41:32.583Z,sintetico_docente,1.0.0-demo
,,,docente,SIM-000265,264,True,True,True,True,True,naranja_primero,naranja,90,90,90,79,51,6.979,6.165,Usé una intuición visual y mantuve una diferencia moderada entre las señales.,2026-09-03T14:48:00.000Z,2026-09-03T14:48:12.000Z,2026-09-03T14:48:20.229Z,2026-09-03T14:48:32.894Z,sintetico_docente,1.0.0-demo
,,,docente,SIM-000266,265,True,True,True,True,True,platano_primero,platano,70,70,70,73,88,9.57,8.502,Me guié por la forma y por el contraste entre ambos símbolos.,2026-09-03T14:55:00.000Z,2026-09-03T14:55:12.000Z,2026-09-03T14:55:22.820Z,2026-09-03T14:55:37.822Z,sintetico_docente,1.0.0-demo
,,,docente,SIM-000267,266,True,True,True,True,True,naranja_primero,naranja,90,90,70,66,100,9.932,5.757,Pensé en cómo se verían las siluetas desde lejos y comparé sus formas.,2026-09-03T15:02:00.000Z,2026-09-03T15:02:12.000Z,2026-09-03T15:02:23.182Z,2026-09-03T15:02:35.439Z,sintetico_docente,1.0.0-demo
,,,docente,SIM-000268,267,True,True,True,True,True,naranja_primero,naranja,70,70,50,76,78,7.375,14.625,La curva de un símbolo y la geometría del otro orientaron mi elección.,2026-09-03T15:09:00.000Z,2026-09-03T15:09:12.000Z,2026-09-03T15:09:20.625Z,2026-09-03T15:09:41.750Z,sintetico_docente,1.0.0-demo
,,,docente,SIM-000269,268,True,True,True,True,True,platano_primero,platano,70,90,70,74,89,18.304,3.172,La silueta redonda me pareció más focal; para la otra escogí una categoría cercana.,2026-09-03T15:16:00.000Z,2026-09-03T15:16:12.000Z,2026-09-03T15:16:31.554Z,2026-09-03T15:16:41.226Z,sintetico_docente,1.0.0-demo
,,,docente,SIM-000270,269,True,True,True,True,True,platano_primero,platano,70,110,70,67,67,8.652,8.573,Elegí categorías centrales porque imaginé una convención fácil de coordinar.,2026-09-03T15:23:00.000Z,2026-09-03T15:23:12.000Z,2026-09-03T15:23:21.902Z,2026-09-03T15:23:36.975Z,sintetico_docente,1.0.0-demo
,,,docente,SIM-000271,270,True,True,True,True,True,naranja_primero,naranja,90,90,70,64,73,6.77,5.05,La curva de un símbolo y la geometría del otro orientaron mi elección.,2026-09-03T15:30:00.000Z,2026-09-03T15:30:12.000Z,2026-09-03T15:30:20.020Z,2026-09-03T15:30:31.570Z,sintetico_docente,1.0.0-demo
,,,docente,SIM-000272,271,True,True,True,True,True,platano_primero,platano,70,90,70,64,77,10.487,7.552,La forma redonda me sugirió una velocidad estable y la silueta alargada una menor.,2026-09-03T15:37:00.000Z,2026-09-03T15:37:12.000Z,2026-09-03T15:37:23.737Z,2026-09-03T15:37:37.789Z,sintetico_docente,1.0.0-demo
,,,docente,SIM-000273,272,True,True,True,True,True,platano_primero,platano,70,90,70,58,52,8.557,4.307,La naranja parecía compacta y el plátano más ligero; fue una asociación intuitiva.,2026-09-03T15:44:00.000Z,2026-09-03T15:44:12.000Z,2026-09-03T15:44:21.807Z,2026-09-03T15:44:32.614Z,sintetico_docente,1.0.0-demo
,,,docente,SIM-000274,273,True,True,True,True,True,naranja_primero,naranja,90,90,50,92,89,5.61,4.999,Fue una elección por contraste visual entre una figura compacta y otra alargada.,2026-09-03T15:51:00.000Z,2026-09-03T15:51:12.000Z,2026-09-03T15:51:18.860Z,2026-09-03T15:51:30.359Z,sintetico_docente,1.0.0-demo
,,,docente,SIM-000275,274,True,True,True,True,True,platano_primero,platano,110,110,110,91,88,6.479,6.084,La naranja parecía compacta y el plátano más ligero; fue una asociación intuitiva.,2026-09-03T15:58:00.000Z,2026-09-03T15:58:12.000Z,2026-09-03T15:58:19.729Z,2026-09-03T15:58:32.313Z,sintetico_docente,1.0.0-demo
,,,docente,SIM-000276,275,True,True,True,True,True,platano_primero,platano,70,90,70,53,63,6.275,7.825,"Comparé peso aparente y forma, sin asumir que existiera una respuesta correcta.",2026-09-03T16:05:00.000Z,2026-09-03T16:05:12.000Z,2026-09-03T16:05:19.525Z,2026-09-03T16:05:33.850Z,sintetico_docente,1.0.0-demo
,,,docente,SIM-000277,276,True,True,True,True,True,platano_primero,platano,70,90,70,100,69,13.06,2.909,Pensé en cómo se verían las siluetas desde lejos y comparé sus formas.,2026-09-03T16:12:00.000Z,2026-09-03T16:12:12.000Z,2026-09-03T16:12:26.310Z,2026-09-03T16:12:35.719Z,sintetico_docente,1.0.0-demo
,,,docente,SIM-000278,277,True,True,True,True,True,naranja_primero,naranja,90,90,50,58,47,2.842,6.635,Me basé en la geometría de las señales y en una asociación espontánea.,2026-09-03T16:19:00.000Z,2026-09-03T16:19:12.000Z,2026-09-03T16:19:16.092Z,2026-09-03T16:19:29.227Z,sintetico_docente,1.0.0-demo
,,,docente,SIM-000279,278,True,True,True,True,True,naranja_primero,naranja,110,110,90,80,61,9.228,6.243,Elegí categorías centrales porque imaginé una convención fácil de coordinar.,2026-09-03T16:26:00.000Z,2026-09-03T16:26:12.000Z,2026-09-03T16:26:22.478Z,2026-09-03T16:26:35.221Z,sintetico_docente,1.0.0-demo
,,,docente,SIM-000280,279,True,True,True,True,True,naranja_primero,naranja,90,90,70,58,65,18.406,7.591,"Comparé peso aparente y forma, sin asumir que existiera una respuesta correcta.",2026-09-03T16:33:00.000Z,2026-09-03T16:33:12.000Z,2026-09-03T16:33:31.656Z,2026-09-03T16:33:45.747Z,sintetico_docente,1.0.0-demo
,,,docente,SIM-000281,280,True,True,True,True,True,naranja_primero,naranja,90,90,70,66,61,5.301,7.881,La naranja parecía compacta y el plátano más ligero; fue una asociación intuitiva.,2026-09-03T16:40:00.000Z,2026-09-03T16:40:12.000Z,2026-09-03T16:40:18.551Z,2026-09-03T16:40:32.932Z,sintetico_docente,1.0.0-demo
,,,docente,SIM-000282,281,True,True,True,True,True,platano_primero,platano,50,70,50,60,58,8.032,6.657,La naranja parecía compacta y el plátano más ligero; fue una asociación intuitiva.,2026-09-03T16:47:00.000Z,2026-09-03T16:47:12.000Z,2026-09-03T16:47:21.282Z,2026-09-03T16:47:34.439Z,sintetico_docente,1.0.0-demo
,,,docente,SIM-000283,282,True,True,True,True,True,platano_primero,platano,70,90,70,67,54,5.11,14.281,La forma redonda me sugirió una velocidad estable y la silueta alargada una menor.,2026-09-03T16:54:00.000Z,2026-09-03T16:54:12.000Z,2026-09-03T16:54:18.360Z,2026-09-03T16:54:39.141Z,sintetico_docente,1.0.0-demo
,,,docente,SIM-000284,283,True,True,True,True,True,naranja_primero,naranja,90,90,70,83,80,6.806,13.464,La naranja parecía compacta y el plátano más ligero; fue una asociación intuitiva.,2026-09-03T17:01:00.000Z,2026-09-03T17:01:12.000Z,2026-09-03T17:01:20.056Z,2026-09-03T17:01:40.020Z,sintetico_docente,1.0.0-demo
,,,docente,SIM-000285,284,True,True,True,True,True,naranja_primero,naranja,90,90,70,62,69,4.83,5.012,La silueta redonda me pareció más focal; para la otra escogí una categoría cercana.,2026-09-03T17:08:00.000Z,2026-09-03T17:08:12.000Z,2026-09-03T17:08:18.080Z,2026-09-03T17:08:29.592Z,sintetico_docente,1.0.0-demo
,,,docente,SIM-000286,285,True,True,True,True,True,platano_primero,platano,70,110,70,82,71,5.77,12.512,La forma redonda me sugirió una velocidad estable y la silueta alargada una menor.,2026-09-03T17:15:00.000Z,2026-09-03T17:15:12.000Z,2026-09-03T17:15:19.020Z,2026-09-03T17:15:38.032Z,sintetico_docente,1.0.0-demo
,,,docente,SIM-000287,286,True,True,True,True,True,platano_primero,platano,50,90,50,83,67,8.91,12.725,La curva de un símbolo y la geometría del otro orientaron mi elección.,2026-09-03T17:22:00.000Z,2026-09-03T17:22:12.000Z,2026-09-03T17:22:22.160Z,2026-09-03T17:22:41.385Z,sintetico_docente,1.0.0-demo
,,,docente,SIM-000288,287,True,True,True,True,True,naranja_primero,naranja,70,70,50,69,69,6.112,11.377,La curva de un símbolo y la geometría del otro orientaron mi elección.,2026-09-03T17:29:00.000Z,2026-09-03T17:29:12.000Z,2026-09-03T17:29:19.362Z,2026-09-03T17:29:37.239Z,sintetico_docente,1.0.0-demo
,,,docente,SIM-000289,288,True,True,True,True,True,naranja_primero,naranja,90,90,50,87,74,9.369,7.549,Me guié por la forma y por el contraste entre ambos símbolos.,2026-09-03T17:36:00.000Z,2026-09-03T17:36:12.000Z,2026-09-03T17:36:22.619Z,2026-09-03T17:36:36.668Z,sintetico_docente,1.0.0-demo
,,,docente,SIM-000290,289,True,True,True,True,True,platano_primero,platano,90,130,90,72,72,9.741,11.448,"Comparé peso aparente y forma, sin asumir que existiera una respuesta correcta.",2026-09-03T17:43:00.000Z,2026-09-03T17:43:12.000Z,2026-09-03T17:43:22.991Z,2026-09-03T17:43:40.939Z,sintetico_docente,1.0.0-demo
,,,docente,SIM-000291,290,True,True,True,True,True,naranja_primero,naranja,110,110,90,60,81,3.809,5.0,La naranja parecía compacta y el plátano más ligero; fue una asociación intuitiva.,2026-09-03T17:50:00.000Z,2026-09-03T17:50:12.000Z,2026-09-03T17:50:17.059Z,2026-09-03T17:50:28.559Z,sintetico_docente,1.0.0-demo
,,,docente,SIM-000292,291,True,True,True,True,True,platano_primero,platano,50,90,50,74,85,15.503,6.906,Elegí categorías centrales porque imaginé una convención fácil de coordinar.,2026-09-03T17:57:00.000Z,2026-09-03T17:57:12.000Z,2026-09-03T17:57:28.753Z,2026-09-03T17:57:42.159Z,sintetico_docente,1.0.0-demo
,,,docente,SIM-000293,292,True,True,True,True,True,naranja_primero,naranja,90,90,70,72,72,10.202,8.829,Fue una elección por contraste visual entre una figura compacta y otra alargada.,2026-09-03T18:04:00.000Z,2026-09-03T18:04:12.000Z,2026-09-03T18:04:23.452Z,2026-09-03T18:04:38.781Z,sintetico_docente,1.0.0-demo
,,,docente,SIM-000294,293,True,True,True,True,True,platano_primero,platano,70,90,70,74,83,4.018,4.126,La silueta redonda me pareció más focal; para la otra escogí una categoría cercana.,2026-09-03T18:11:00.000Z,2026-09-03T18:11:12.000Z,2026-09-03T18:11:17.268Z,2026-09-03T18:11:27.894Z,sintetico_docente,1.0.0-demo
,,,docente,SIM-000295,294,True,True,True,True,True,platano_primero,platano,90,90,90,59,75,6.467,2.031,Me guié por la forma y por el contraste entre ambos símbolos.,2026-09-03T18:18:00.000Z,2026-09-03T18:18:12.000Z,2026-09-03T18:18:19.717Z,2026-09-03T18:18:28.248Z,sintetico_docente,1.0.0-demo
,,,docente,SIM-000296,295,True,True,True,True,True,naranja_primero,naranja,90,90,90,79,79,5.854,2.769,La silueta redonda me pareció más focal; para la otra escogí una categoría cercana.,2026-09-03T18:25:00.000Z,2026-09-03T18:25:12.000Z,2026-09-03T18:25:19.104Z,2026-09-03T18:25:28.373Z,sintetico_docente,1.0.0-demo
,,,docente,SIM-000297,296,True,True,True,True,True,naranja_primero,naranja,70,70,30,66,80,8.53,9.377,La curva de un símbolo y la geometría del otro orientaron mi elección.,2026-09-03T18:32:00.000Z,2026-09-03T18:32:12.000Z,2026-09-03T18:32:21.780Z,2026-09-03T18:32:37.657Z,sintetico_docente,1.0.0-demo
,,,docente,SIM-000298,297,True,True,True,True,True,naranja_primero,naranja,70,70,50,74,50,3.892,6.387,La naranja parecía compacta y el plátano más ligero; fue una asociación intuitiva.,2026-09-03T18:39:00.000Z,2026-09-03T18:39:12.000Z,2026-09-03T18:39:17.142Z,2026-09-03T18:39:30.029Z,sintetico_docente,1.0.0-demo
,,,docente,SIM-000299,298,True,True,True,True,True,platano_primero,platano,50,90,50,64,64,8.971,5.94,La silueta redonda me pareció más focal; para la otra escogí una categoría cercana.,2026-09-03T18:46:00.000Z,2026-09-03T18:46:12.000Z,2026-09-03T18:46:22.221Z,2026-09-03T18:46:34.661Z,sintetico_docente,1.0.0-demo
,,,docente,SIM-000300,299,True,True,True,True,True,platano_primero,platano,70,90,70,57,72,5.74,1.561,La naranja parecía compacta y el plátano más ligero; fue una asociación intuitiva.,2026-09-03T18:53:00.000Z,2026-09-03T18:53:12.000Z,2026-09-03T18:53:18.990Z,2026-09-03T18:53:27.051Z,sintetico_docente,1.0.0-demo
,,,docente,SIM-000301,300,True,True,True,True,True,platano_primero,platano,50,110,50,61,72,8.878,10.337,La forma redonda me sugirió una velocidad estable y la silueta alargada una menor.,2026-09-03T19:00:00.000Z,2026-09-03T19:00:12.000Z,2026-09-03T19:00:22.128Z,2026-09-03T19:00:38.965Z,sintetico_docente,1.0.0-demo
,,,docente,SIM-000302,301,True,True,True,True,True,naranja_primero,naranja,110,110,70,64,58,6.089,5.2,Elegí categorías centrales porque imaginé una convención fácil de coordinar.,2026-09-03T19:07:00.000Z,2026-09-03T19:07:12.000Z,2026-09-03T19:07:19.339Z,2026-09-03T19:07:31.039Z,sintetico_docente,1.0.0-demo
,,,docente,SIM-000303,302,True,True,True,True,True,naranja_primero,naranja,90,90,50,61,63,8.947,6.166,Fue una elección por contraste visual entre una figura compacta y otra alargada.,2026-09-03T19:14:00.000Z,2026-09-03T19:14:12.000Z,2026-09-03T19:14:22.197Z,2026-09-03T19:14:34.863Z,sintetico_docente,1.0.0-demo
,,,docente,SIM-000304,303,True,True,True,True,True,platano_primero,platano,70,90,70,67,75,5.159,6.1,Me guié por la forma y por el contraste entre ambos símbolos.,2026-09-03T19:21:00.000Z,2026-09-03T19:21:12.000Z,2026-09-03T19:21:18.409Z,2026-09-03T19:21:31.009Z,sintetico_docente,1.0.0-demo
,,,docente,SIM-000305,304,True,True,True,True,True,naranja_primero,naranja,90,90,70,64,75,5.534,4.021,Intenté escoger opciones que otra persona pudiera considerar puntos focales.,2026-09-03T19:28:00.000Z,2026-09-03T19:28:12.000Z,2026-09-03T19:28:18.784Z,2026-09-03T19:28:29.305Z,sintetico_docente,1.0.0-demo
,,,docente,SIM-000306,305,True,True,True,True,True,platano_primero,platano,70,110,70,57,84,10.23,12.439,La naranja parecía compacta y el plátano más ligero; fue una asociación intuitiva.,2026-09-03T19:35:00.000Z,2026-09-03T19:35:12.000Z,2026-09-03T19:35:23.480Z,2026-09-03T19:35:42.419Z,sintetico_docente,1.0.0-demo
,,,docente,SIM-000307,306,True,True,True,True,True,platano_primero,platano,50,90,50,62,59,18.264,17.466,Pensé en cómo se verían las siluetas desde lejos y comparé sus formas.,2026-09-03T19:42:00.000Z,2026-09-03T19:42:12.000Z,2026-09-03T19:42:31.514Z,2026-09-03T19:42:55.480Z,sintetico_docente,1.0.0-demo
,,,docente,SIM-000308,307,True,True,True,True,True,platano_primero,platano,70,90,70,94,82,5.539,13.994,La forma redonda me sugirió una velocidad estable y la silueta alargada una menor.,2026-09-03T19:49:00.000Z,2026-09-03T19:49:12.000Z,2026-09-03T19:49:18.789Z,2026-09-03T19:49:39.283Z,sintetico_docente,1.0.0-demo
,,,docente,SIM-000309,308,True,True,True,True,True,naranja_primero,naranja,110,110,70,60,68,11.262,5.282,Fue una elección por contraste visual entre una figura compacta y otra alargada.,2026-09-03T19:56:00.000Z,2026-09-03T19:56:12.000Z,2026-09-03T19:56:24.512Z,2026-09-03T19:56:36.294Z,sintetico_docente,1.0.0-demo
,,,docente,SIM-000310,309,True,True,True,True,True,naranja_primero,naranja,90,90,70,53,49,10.784,10.18,La forma redonda me sugirió una velocidad estable y la silueta alargada una menor.,2026-09-03T20:03:00.000Z,2026-09-03T20:03:12.000Z,2026-09-03T20:03:24.034Z,2026-09-03T20:03:40.714Z,sintetico_docente,1.0.0-demo
,,,docente,SIM-000311,310,True,True,True,True,True,platano_primero,platano,70,110,70,61,67,4.712,5.859,La silueta redonda me pareció más focal; para la otra escogí una categoría cercana.,2026-09-03T20:10:00.000Z,2026-09-03T20:10:12.000Z,2026-09-03T20:10:17.962Z,2026-09-03T20:10:30.321Z,sintetico_docente,1.0.0-demo
,,,docente,SIM-000312,311,True,True,True,True,True,platano_primero,platano,90,90,90,73,58,3.988,9.1,Me basé en la geometría de las señales y en una asociación espontánea.,2026-09-03T20:17:00.000Z,2026-09-03T20:17:12.000Z,2026-09-03T20:17:17.238Z,2026-09-03T20:17:32.838Z,sintetico_docente,1.0.0-demo
,,,docente,SIM-000313,312,True,True,True,True,True,naranja_primero,naranja,110,110,70,57,57,6.691,10.857,"Comparé peso aparente y forma, sin asumir que existiera una respuesta correcta.",2026-09-03T20:24:00.000Z,2026-09-03T20:24:12.000Z,2026-09-03T20:24:19.941Z,2026-09-03T20:24:37.298Z,sintetico_docente,1.0.0-demo
,,,docente,SIM-000314,313,True,True,True,True,True,platano_primero,platano,50,70,50,70,72,8.294,4.374,Me guié por la forma y por el contraste entre ambos símbolos.,2026-09-03T20:31:00.000Z,2026-09-03T20:31:12.000Z,2026-09-03T20:31:21.544Z,2026-09-03T20:31:32.418Z,sintetico_docente,1.0.0-demo
,,,docente,SIM-000315,314,True,True,True,True,True,platano_primero,platano,50,110,50,49,73,3.47,5.776,La naranja parecía compacta y el plátano más ligero; fue una asociación intuitiva.,2026-09-03T20:38:00.000Z,2026-09-03T20:38:12.000Z,2026-09-03T20:38:16.720Z,2026-09-03T20:38:28.996Z,sintetico_docente,1.0.0-demo
,,,docente,SIM-000316,315,True,True,True,True,True,naranja_primero,naranja,90,90,50,84,80,11.442,13.197,Pensé en cómo se verían las siluetas desde lejos y comparé sus formas.,2026-09-03T20:45:00.000Z,2026-09-03T20:45:12.000Z,2026-09-03T20:45:24.692Z,2026-09-03T20:45:44.389Z,sintetico_docente,1.0.0-demo
,,,docente,SIM-000317,316,True,True,True,True,True,platano_primero,platano,50,90,50,85,86,4.258,5.921,La silueta redonda me pareció más focal; para la otra escogí una categoría cercana.,2026-09-03T20:52:00.000Z,2026-09-03T20:52:12.000Z,2026-09-03T20:52:17.508Z,2026-09-03T20:52:29.929Z,sintetico_docente,1.0.0-demo
,,,docente,SIM-000318,317,True,True,True,True,True,naranja_primero,naranja,110,110,130,72,57,7.195,7.011,Usé una intuición visual y mantuve una diferencia moderada entre las señales.,2026-09-03T20:59:00.000Z,2026-09-03T20:59:12.000Z,2026-09-03T20:59:20.445Z,2026-09-03T20:59:33.956Z,sintetico_docente,1.0.0-demo
,,,docente,SIM-000319,318,True,True,True,True,True,naranja_primero,naranja,90,90,70,72,79,8.985,7.387,Me basé en la geometría de las señales y en una asociación espontánea.,2026-09-03T21:06:00.000Z,2026-09-03T21:06:12.000Z,2026-09-03T21:06:22.235Z,2026-09-03T21:06:36.122Z,sintetico_docente,1.0.0-demo
,,,docente,SIM-000320,319,True,True,True,True,True,naranja_primero,naranja,130,130,70,65,71,11.151,6.268,La naranja parecía compacta y el plátano más ligero; fue una asociación intuitiva.,2026-09-03T21:13:00.000Z,2026-09-03T21:13:12.000Z,2026-09-03T21:13:24.401Z,2026-09-03T21:13:37.169Z,sintetico_docente,1.0.0-demo
,,,docente,SIM-000321,320,True,True,True,True,True,naranja_primero,naranja,90,90,50,62,53,7.934,5.999,La silueta redonda me pareció más focal; para la otra escogí una categoría cercana.,2026-09-03T21:20:00.000Z,2026-09-03T21:20:12.000Z,2026-09-03T21:20:21.184Z,2026-09-03T21:20:33.683Z,sintetico_docente,1.0.0-demo
,,,docente,SIM-000322,321,True,True,True,True,True,platano_primero,platano,70,110,70,60,50,4.989,5.125,Elegí categorías centrales porque imaginé una convención fácil de coordinar.,2026-09-03T21:27:00.000Z,2026-09-03T21:27:12.000Z,2026-09-03T21:27:18.239Z,2026-09-03T21:27:29.864Z,sintetico_docente,1.0.0-demo
,,,docente,SIM-000323,322,True,True,True,True,True,platano_primero,platano,50,90,50,75,70,8.54,11.598,La silueta redonda me pareció más focal; para la otra escogí una categoría cercana.,2026-09-03T21:34:00.000Z,2026-09-03T21:34:12.000Z,2026-09-03T21:34:21.790Z,2026-09-03T21:34:39.888Z,sintetico_docente,1.0.0-demo
,,,docente,SIM-000324,323,True,True,True,True,True,platano_primero,platano,70,90,70,56,78,8.163,6.298,"Comparé peso aparente y forma, sin asumir que existiera una respuesta correcta.",2026-09-03T21:41:00.000Z,2026-09-03T21:41:12.000Z,2026-09-03T21:41:21.413Z,2026-09-03T21:41:34.211Z,sintetico_docente,1.0.0-demo
,,,docente,SIM-000325,324,True,True,True,True,True,platano_primero,platano,70,90,70,66,64,5.856,5.913,La silueta redonda me pareció más focal; para la otra escogí una categoría cercana.,2026-09-03T21:48:00.000Z,2026-09-03T21:48:12.000Z,2026-09-03T21:48:19.106Z,2026-09-03T21:48:31.519Z,sintetico_docente,1.0.0-demo
,,,docente,SIM-000326,325,True,True,True,True,True,naranja_primero,naranja,90,90,70,75,69,6.584,6.88,Intenté escoger opciones que otra persona pudiera considerar puntos focales.,2026-09-03T21:55:00.000Z,2026-09-03T21:55:12.000Z,2026-09-03T21:55:19.834Z,2026-09-03T21:55:33.214Z,sintetico_docente,1.0.0-demo
,,,docente,SIM-000327,326,True,True,True,True,True,naranja_primero,naranja,90,90,90,53,79,4.503,7.563,Fue una elección por contraste visual entre una figura compacta y otra alargada.,2026-09-03T22:02:00.000Z,2026-09-03T22:02:12.000Z,2026-09-03T22:02:17.753Z,2026-09-03T22:02:31.816Z,sintetico_docente,1.0.0-demo
,,,docente,SIM-000328,327,True,True,True,True,True,naranja_primero,naranja,90,90,50,46,83,10.059,6.917,La silueta redonda me pareció más focal; para la otra escogí una categoría cercana.,2026-09-03T22:09:00.000Z,2026-09-03T22:09:12.000Z,2026-09-03T22:09:23.309Z,2026-09-03T22:09:36.726Z,sintetico_docente,1.0.0-demo
,,,docente,SIM-000329,328,True,True,True,True,True,naranja_primero,naranja,110,110,70,60,68,5.934,1.415,Me guié por la forma y por el contraste entre ambos símbolos.,2026-09-03T22:16:00.000Z,2026-09-03T22:16:12.000Z,2026-09-03T22:16:19.184Z,2026-09-03T22:16:27.099Z,sintetico_docente,1.0.0-demo
,,,docente,SIM-000330,329,True,True,True,True,True,platano_primero,platano,90,90,90,72,57,4.772,4.023,Pensé en cómo se verían las siluetas desde lejos y comparé sus formas.,2026-09-03T22:23:00.000Z,2026-09-03T22:23:12.000Z,2026-09-03T22:23:18.022Z,2026-09-03T22:23:28.545Z,sintetico_docente,1.0.0-demo
,,,docente,SIM-000331,330,True,True,True,True,True,platano_primero,platano,70,110,70,77,79,6.382,15.935,La silueta redonda me pareció más focal; para la otra escogí una categoría cercana.,2026-09-03T22:30:00.000Z,2026-09-03T22:30:12.000Z,2026-09-03T22:30:19.632Z,2026-09-03T22:30:42.067Z,sintetico_docente,1.0.0-demo
,,,docente,SIM-000332,331,True,True,True,True,True,platano_primero,platano,50,70,50,62,64,8.682,9.046,La naranja parecía compacta y el plátano más ligero; fue una asociación intuitiva.,2026-09-03T22:37:00.000Z,2026-09-03T22:37:12.000Z,2026-09-03T22:37:21.932Z,2026-09-03T22:37:37.478Z,sintetico_docente,1.0.0-demo
,,,docente,SIM-000333,332,True,True,True,True,True,naranja_primero,naranja,110,110,70,67,73,7.812,5.831,Elegí categorías centrales porque imaginé una convención fácil de coordinar.,2026-09-03T22:44:00.000Z,2026-09-03T22:44:12.000Z,2026-09-03T22:44:21.062Z,2026-09-03T22:44:33.393Z,sintetico_docente,1.0.0-demo
,,,docente,SIM-000334,333,True,True,True,True,True,naranja_primero,naranja,110,110,90,91,81,8.607,4.181,"Comparé peso aparente y forma, sin asumir que existiera una respuesta correcta.",2026-09-03T22:51:00.000Z,2026-09-03T22:51:12.000Z,2026-09-03T22:51:21.857Z,2026-09-03T22:51:32.538Z,sintetico_docente,1.0.0-demo
,,,docente,SIM-000335,334,True,True,True,True,True,platano_primero,platano,70,110,70,45,68,5.802,7.63,Elegí categorías centrales porque imaginé una convención fácil de coordinar.,2026-09-03T22:58:00.000Z,2026-09-03T22:58:12.000Z,2026-09-03T22:58:19.052Z,2026-09-03T22:58:33.182Z,sintetico_docente,1.0.0-demo
,,,docente,SIM-000336,335,True,True,True,True,True,naranja_primero,naranja,90,90,70,79,81,4.011,4.1,Pensé en cómo se verían las siluetas desde lejos y comparé sus formas.,2026-09-03T23:05:00.000Z,2026-09-03T23:05:12.000Z,2026-09-03T23:05:17.261Z,2026-09-03T23:05:27.861Z,sintetico_docente,1.0.0-demo
,,,docente,SIM-000337,336,True,True,True,True,True,platano_primero,platano,70,90,70,58,63,4.836,9.9,Pensé en cómo se verían las siluetas desde lejos y comparé sus formas.,2026-09-03T23:12:00.000Z,2026-09-03T23:12:12.000Z,2026-09-03T23:12:18.086Z,2026-09-03T23:12:34.486Z,sintetico_docente,1.0.0-demo
,,,docente,SIM-000338,337,True,True,True,True,True,naranja_primero,naranja,110,110,70,67,73,5.642,8.417,La silueta redonda me pareció más focal; para la otra escogí una categoría cercana.,2026-09-03T23:19:00.000Z,2026-09-03T23:19:12.000Z,2026-09-03T23:19:18.892Z,2026-09-03T23:19:33.809Z,sintetico_docente,1.0.0-demo
,,,docente,SIM-000339,338,True,True,True,True,True,naranja_primero,naranja,70,70,50,91,70,10.354,6.185,Fue una elección por contraste visual entre una figura compacta y otra alargada.,2026-09-03T23:26:00.000Z,2026-09-03T23:26:12.000Z,2026-09-03T23:26:23.604Z,2026-09-03T23:26:36.289Z,sintetico_docente,1.0.0-demo
,,,docente,SIM-000340,339,True,True,True,True,True,platano_primero,platano,50,70,50,58,59,7.373,5.043,Me basé en la geometría de las señales y en una asociación espontánea.,2026-09-03T23:33:00.000Z,2026-09-03T23:33:12.000Z,2026-09-03T23:33:20.623Z,2026-09-03T23:33:32.166Z,sintetico_docente,1.0.0-demo
,,,docente,SIM-000341,340,True,True,True,True,True,naranja_primero,naranja,50,50,50,70,86,7.366,8.751,Usé una intuición visual y mantuve una diferencia moderada entre las señales.,2026-09-03T23:40:00.000Z,2026-09-03T23:40:12.000Z,2026-09-03T23:40:20.616Z,2026-09-03T23:40:35.867Z,sintetico_docente,1.0.0-demo
,,,docente,SIM-000342,341,True,True,True,True,True,platano_primero,platano,70,90,70,68,72,11.356,11.835,Pensé en cómo se verían las siluetas desde lejos y comparé sus formas.,2026-09-03T23:47:00.000Z,2026-09-03T23:47:12.000Z,2026-09-03T23:47:24.606Z,2026-09-03T23:47:42.941Z,sintetico_docente,1.0.0-demo
,,,docente,SIM-000343,342,True,True,True,True,True,naranja_primero,naranja,90,90,50,58,63,7.477,11.254,Fue una elección por contraste visual entre una figura compacta y otra alargada.,2026-09-03T23:54:00.000Z,2026-09-03T23:54:12.000Z,2026-09-03T23:54:20.727Z,2026-09-03T23:54:38.481Z,sintetico_docente,1.0.0-demo
,,,docente,SIM-000344,343,True,True,True,True,True,naranja_primero,naranja,90,90,50,97,72,10.575,10.591,Intenté escoger opciones que otra persona pudiera considerar puntos focales.,2026-09-04T00:01:00.000Z,2026-09-04T00:01:12.000Z,2026-09-04T00:01:23.825Z,2026-09-04T00:01:40.916Z,sintetico_docente,1.0.0-demo
,,,docente,SIM-000345,344,True,True,True,True,True,naranja_primero,naranja,70,70,70,83,87,3.56,8.109,Usé una intuición visual y mantuve una diferencia moderada entre las señales.,2026-09-04T00:08:00.000Z,2026-09-04T00:08:12.000Z,2026-09-04T00:08:16.810Z,2026-09-04T00:08:31.419Z,sintetico_docente,1.0.0-demo
,,,docente,SIM-000346,345,True,True,True,True,True,platano_primero,platano,30,50,30,71,63,1.634,4.108,La curva de un símbolo y la geometría del otro orientaron mi elección.,2026-09-04T00:15:00.000Z,2026-09-04T00:15:12.000Z,2026-09-04T00:15:14.884Z,2026-09-04T00:15:25.492Z,sintetico_docente,1.0.0-demo
,,,docente,SIM-000347,346,True,True,True,True,True,naranja_primero,naranja,90,90,50,67,71,11.791,8.698,Usé una intuición visual y mantuve una diferencia moderada entre las señales.,2026-09-04T00:22:00.000Z,2026-09-04T00:22:12.000Z,2026-09-04T00:22:25.041Z,2026-09-04T00:22:40.239Z,sintetico_docente,1.0.0-demo
,,,docente,SIM-000348,347,True,True,True,True,True,platano_primero,platano,90,70,90,77,71,6.889,6.103,Pensé en cómo se verían las siluetas desde lejos y comparé sus formas.,2026-09-04T00:29:00.000Z,2026-09-04T00:29:12.000Z,2026-09-04T00:29:20.139Z,2026-09-04T00:29:32.742Z,sintetico_docente,1.0.0-demo
,,,docente,SIM-000349,348,True,True,True,True,True,platano_primero,platano,70,90,70,49,67,4.847,5.283,La curva de un símbolo y la geometría del otro orientaron mi elección.,2026-09-04T00:36:00.000Z,2026-09-04T00:36:12.000Z,2026-09-04T00:36:18.097Z,2026-09-04T00:36:29.880Z,sintetico_docente,1.0.0-demo
,,,docente,SIM-000350,349,True,True,True,True,True,platano_primero,platano,70,70,70,60,64,7.346,6.294,Intenté escoger opciones que otra persona pudiera considerar puntos focales.,2026-09-04T00:43:00.000Z,2026-09-04T00:43:12.000Z,2026-09-04T00:43:20.596Z,2026-09-04T00:43:33.390Z,sintetico_docente,1.0.0-demo
,,,docente,SIM-000351,350,True,True,True,True,True,platano_primero,platano,70,110,70,66,95,2.793,9.463,La naranja parecía compacta y el plátano más ligero; fue una asociación intuitiva.,2026-09-04T00:50:00.000Z,2026-09-04T00:50:12.000Z,2026-09-04T00:50:16.043Z,2026-09-04T00:50:32.006Z,sintetico_docente,1.0.0-demo
,,,docente,SIM-000352,351,True,True,True,True,True,platano_primero,platano,50,90,50,78,71,6.019,9.71,Me basé en la geometría de las señales y en una asociación espontánea.,2026-09-04T00:57:00.000Z,2026-09-04T00:57:12.000Z,2026-09-04T00:57:19.269Z,2026-09-04T00:57:35.479Z,sintetico_docente,1.0.0-demo
,,,docente,SIM-000353,352,True,True,True,True,True,naranja_primero,naranja,110,110,70,86,80,7.283,8.204,Fue una elección por contraste visual entre una figura compacta y otra alargada.,2026-09-04T01:04:00.000Z,2026-09-04T01:04:12.000Z,2026-09-04T01:04:20.533Z,2026-09-04T01:04:35.237Z,sintetico_docente,1.0.0-demo
,,,docente,SIM-000354,353,True,True,True,True,True,naranja_primero,naranja,90,90,50,61,95,9.405,6.917,Pensé en cómo se verían las siluetas desde lejos y comparé sus formas.,2026-09-04T01:11:00.000Z,2026-09-04T01:11:12.000Z,2026-09-04T01:11:22.655Z,2026-09-04T01:11:36.072Z,sintetico_docente,1.0.0-demo
,,,docente,SIM-000355,354,True,True,True,True,True,platano_primero,platano,70,110,70,81,81,6.528,8.301,La naranja parecía compacta y el plátano más ligero; fue una asociación intuitiva.,2026-09-04T01:18:00.000Z,2026-09-04T01:18:12.000Z,2026-09-04T01:18:19.778Z,2026-09-04T01:18:34.579Z,sintetico_docente,1.0.0-demo
,,,docente,SIM-000356,355,True,True,True,True,True,naranja_primero,naranja,90,90,70,68,73,7.891,6.709,Me basé en la geometría de las señales y en una asociación espontánea.,2026-09-04T01:25:00.000Z,2026-09-04T01:25:12.000Z,2026-09-04T01:25:21.141Z,2026-09-04T01:25:34.350Z,sintetico_docente,1.0.0-demo
,,,docente,SIM-000357,356,True,True,True,True,True,platano_primero,platano,70,110,70,74,82,8.254,7.026,"Comparé peso aparente y forma, sin asumir que existiera una respuesta correcta.",2026-09-04T01:32:00.000Z,2026-09-04T01:32:12.000Z,2026-09-04T01:32:21.504Z,2026-09-04T01:32:35.030Z,sintetico_docente,1.0.0-demo
,,,docente,SIM-000358,357,True,True,True,True,True,platano_primero,platano,70,90,70,71,87,7.599,4.305,Fue una elección por contraste visual entre una figura compacta y otra alargada.,2026-09-04T01:39:00.000Z,2026-09-04T01:39:12.000Z,2026-09-04T01:39:20.849Z,2026-09-04T01:39:31.654Z,sintetico_docente,1.0.0-demo
,,,docente,SIM-000359,358,True,True,True,True,True,naranja_primero,naranja,110,110,90,74,69,9.713,5.443,Fue una elección por contraste visual entre una figura compacta y otra alargada.,2026-09-04T01:46:00.000Z,2026-09-04T01:46:12.000Z,2026-09-04T01:46:22.963Z,2026-09-04T01:46:34.906Z,sintetico_docente,1.0.0-demo
,,,docente,SIM-000360,359,True,True,True,True,True,naranja_primero,naranja,110,110,70,82,69,4.297,9.201,La silueta redonda me pareció más focal; para la otra escogí una categoría cercana.,2026-09-04T01:53:00.000Z,2026-09-04T01:53:12.000Z,2026-09-04T01:53:17.547Z,2026-09-04T01:53:33.248Z,sintetico_docente,1.0.0-demo
,,,docente,SIM-000361,360,True,True,True,True,True,platano_primero,platano,50,90,50,67,91,7.511,5.636,Me basé en la geometría de las señales y en una asociación espontánea.,2026-09-04T02:00:00.000Z,2026-09-04T02:00:12.000Z,2026-09-04T02:00:20.761Z,2026-09-04T02:00:32.897Z,sintetico_docente,1.0.0-demo
,,,docente,SIM-000362,361,True,True,True,True,True,platano_primero,platano,50,110,50,73,62,9.535,6.156,La naranja parecía compacta y el plátano más ligero; fue una asociación intuitiva.,2026-09-04T02:07:00.000Z,2026-09-04T02:07:12.000Z,2026-09-04T02:07:22.785Z,2026-09-04T02:07:35.441Z,sintetico_docente,1.0.0-demo
,,,docente,SIM-000363,362,True,True,True,True,True,naranja_primero,naranja,70,70,50,62,59,10.419,8.048,Elegí categorías centrales porque imaginé una convención fácil de coordinar.,2026-09-04T02:14:00.000Z,2026-09-04T02:14:12.000Z,2026-09-04T02:14:23.669Z,2026-09-04T02:14:38.217Z,sintetico_docente,1.0.0-demo
,,,docente,SIM-000364,363,True,True,True,True,True,naranja_primero,naranja,90,90,90,72,62,1.488,7.27,Intenté escoger opciones que otra persona pudiera considerar puntos focales.,2026-09-04T02:21:00.000Z,2026-09-04T02:21:12.000Z,2026-09-04T02:21:14.738Z,2026-09-04T02:21:28.508Z,sintetico_docente,1.0.0-demo
,,,docente,SIM-000365,364,True,True,True,True,True,platano_primero,platano,70,90,70,51,90,5.241,7.29,La silueta redonda me pareció más focal; para la otra escogí una categoría cercana.,2026-09-04T02:28:00.000Z,2026-09-04T02:28:12.000Z,2026-09-04T02:28:18.491Z,2026-09-04T02:28:32.281Z,sintetico_docente,1.0.0-demo
,,,docente,SIM-000366,365,True,True,True,True,True,naranja_primero,naranja,110,110,70,82,81,8.567,6.41,Pensé en cómo se verían las siluetas desde lejos y comparé sus formas.,2026-09-04T02:35:00.000Z,2026-09-04T02:35:12.000Z,2026-09-04T02:35:21.817Z,2026-09-04T02:35:34.727Z,sintetico_docente,1.0.0-demo
,,,docente,SIM-000367,366,True,True,True,True,True,naranja_primero,naranja,90,90,50,73,68,8.994,5.154,La forma redonda me sugirió una velocidad estable y la silueta alargada una menor.,2026-09-04T02:42:00.000Z,2026-09-04T02:42:12.000Z,2026-09-04T02:42:22.244Z,2026-09-04T02:42:33.898Z,sintetico_docente,1.0.0-demo
,,,docente,SIM-000368,367,True,True,True,True,True,platano_primero,platano,70,90,70,70,76,4.674,6.958,Me guié por la forma y por el contraste entre ambos símbolos.,2026-09-04T02:49:00.000Z,2026-09-04T02:49:12.000Z,2026-09-04T02:49:17.924Z,2026-09-04T02:49:31.382Z,sintetico_docente,1.0.0-demo
,,,docente,SIM-000369,368,True,True,True,True,True,platano_primero,platano,50,90,50,65,73,4.689,2.824,Fue una elección por contraste visual entre una figura compacta y otra alargada.,2026-09-04T02:56:00.000Z,2026-09-04T02:56:12.000Z,2026-09-04T02:56:17.939Z,2026-09-04T02:56:27.263Z,sintetico_docente,1.0.0-demo
,,,docente,SIM-000370,369,True,True,True,True,True,naranja_primero,naranja,90,90,50,82,69,7.641,5.736,La silueta redonda me pareció más focal; para la otra escogí una categoría cercana.,2026-09-04T03:03:00.000Z,2026-09-04T03:03:12.000Z,2026-09-04T03:03:20.891Z,2026-09-04T03:03:33.127Z,sintetico_docente,1.0.0-demo
,,,docente,SIM-000371,370,True,True,True,True,True,naranja_primero,naranja,110,110,90,73,46,7.106,11.999,La forma redonda me sugirió una velocidad estable y la silueta alargada una menor.,2026-09-04T03:10:00.000Z,2026-09-04T03:10:12.000Z,2026-09-04T03:10:20.356Z,2026-09-04T03:10:38.855Z,sintetico_docente,1.0.0-demo
,,,docente,SIM-000372,371,True,True,True,True,True,platano_primero,platano,110,110,110,77,76,7.344,9.294,La curva de un símbolo y la geometría del otro orientaron mi elección.,2026-09-04T03:17:00.000Z,2026-09-04T03:17:12.000Z,2026-09-04T03:17:20.594Z,2026-09-04T03:17:36.388Z,sintetico_docente,1.0.0-demo
,,,docente,SIM-000373,372,True,True,True,True,True,platano_primero,platano,70,90,70,73,97,3.738,4.169,Me basé en la geometría de las señales y en una asociación espontánea.,2026-09-04T03:24:00.000Z,2026-09-04T03:24:12.000Z,2026-09-04T03:24:16.988Z,2026-09-04T03:24:27.657Z,sintetico_docente,1.0.0-demo
,,,docente,SIM-000374,373,True,True,True,True,True,platano_primero,platano,90,110,90,59,72,10.928,6.622,Pensé en cómo se verían las siluetas desde lejos y comparé sus formas.,2026-09-04T03:31:00.000Z,2026-09-04T03:31:12.000Z,2026-09-04T03:31:24.178Z,2026-09-04T03:31:37.300Z,sintetico_docente,1.0.0-demo
,,,docente,SIM-000375,374,True,True,True,True,True,naranja_primero,naranja,70,70,70,57,100,11.938,10.552,Usé una intuición visual y mantuve una diferencia moderada entre las señales.,2026-09-04T03:38:00.000Z,2026-09-04T03:38:12.000Z,2026-09-04T03:38:25.188Z,2026-09-04T03:38:42.240Z,sintetico_docente,1.0.0-demo
,,,docente,SIM-000376,375,True,True,True,True,True,naranja_primero,naranja,110,110,70,51,65,9.778,14.273,La naranja parecía compacta y el plátano más ligero; fue una asociación intuitiva.,2026-09-04T03:45:00.000Z,2026-09-04T03:45:12.000Z,2026-09-04T03:45:23.028Z,2026-09-04T03:45:43.801Z,sintetico_docente,1.0.0-demo
,,,docente,SIM-000377,376,True,True,True,True,True,naranja_primero,naranja,70,70,50,72,53,8.533,6.441,Me basé en la geometría de las señales y en una asociación espontánea.,2026-09-04T03:52:00.000Z,2026-09-04T03:52:12.000Z,2026-09-04T03:52:21.783Z,2026-09-04T03:52:34.724Z,sintetico_docente,1.0.0-demo
,,,docente,SIM-000378,377,True,True,True,True,True,naranja_primero,naranja,90,90,70,81,61,7.258,7.321,La forma redonda me sugirió una velocidad estable y la silueta alargada una menor.,2026-09-04T03:59:00.000Z,2026-09-04T03:59:12.000Z,2026-09-04T03:59:20.508Z,2026-09-04T03:59:34.329Z,sintetico_docente,1.0.0-demo
,,,docente,SIM-000379,378,True,True,True,True,True,platano_primero,platano,50,70,50,66,76,6.907,7.8,Me guié por la forma y por el contraste entre ambos símbolos.,2026-09-04T04:06:00.000Z,2026-09-04T04:06:12.000Z,2026-09-04T04:06:20.157Z,2026-09-04T04:06:34.457Z,sintetico_docente,1.0.0-demo
,,,docente,SIM-000380,379,True,True,True,True,True,platano_primero,platano,50,90,50,87,65,3.414,12.393,La silueta redonda me pareció más focal; para la otra escogí una categoría cercana.,2026-09-04T04:13:00.000Z,2026-09-04T04:13:12.000Z,2026-09-04T04:13:16.664Z,2026-09-04T04:13:35.557Z,sintetico_docente,1.0.0-demo
,,,docente,SIM-000381,380,True,True,True,True,True,platano_primero,platano,90,110,90,61,90,7.571,6.275,"Comparé peso aparente y forma, sin asumir que existiera una respuesta correcta.",2026-09-04T04:20:00.000Z,2026-09-04T04:20:12.000Z,2026-09-04T04:20:20.821Z,2026-09-04T04:20:33.596Z,sintetico_docente,1.0.0-demo
,,,docente,SIM-000382,381,True,True,True,True,True,naranja_primero,naranja,110,110,90,65,76,4.616,5.862,Elegí categorías centrales porque imaginé una convención fácil de coordinar.,2026-09-04T04:27:00.000Z,2026-09-04T04:27:12.000Z,2026-09-04T04:27:17.866Z,2026-09-04T04:27:30.228Z,sintetico_docente,1.0.0-demo
,,,docente,SIM-000383,382,True,True,True,True,True,platano_primero,platano,90,90,90,73,73,24.041,6.485,La curva de un símbolo y la geometría del otro orientaron mi elección.,2026-09-04T04:34:00.000Z,2026-09-04T04:34:12.000Z,2026-09-04T04:34:37.291Z,2026-09-04T04:34:50.276Z,sintetico_docente,1.0.0-demo
,,,docente,SIM-000384,383,True,True,True,True,True,naranja_primero,naranja,90,90,70,70,61,7.841,2.707,La naranja parecía compacta y el plátano más ligero; fue una asociación intuitiva.,2026-09-04T04:41:00.000Z,2026-09-04T04:41:12.000Z,2026-09-04T04:41:21.091Z,2026-09-04T04:41:30.298Z,sintetico_docente,1.0.0-demo
,,,docente,SIM-000385,384,True,True,True,True,True,platano_primero,platano,50,90,50,65,65,4.939,15.048,La naranja parecía compacta y el plátano más ligero; fue una asociación intuitiva.,2026-09-04T04:48:00.000Z,2026-09-04T04:48:12.000Z,2026-09-04T04:48:18.189Z,2026-09-04T04:48:39.737Z,sintetico_docente,1.0.0-demo
,,,docente,SIM-000386,385,True,True,True,True,True,naranja_primero,naranja,90,90,50,74,66,6.593,4.03,Intenté escoger opciones que otra persona pudiera considerar puntos focales.,2026-09-04T04:55:00.000Z,2026-09-04T04:55:12.000Z,2026-09-04T04:55:19.843Z,2026-09-04T04:55:30.373Z,sintetico_docente,1.0.0-demo
,,,docente,SIM-000387,386,True,True,True,True,True,platano_primero,platano,90,110,90,70,79,16.592,12.127,Intenté escoger opciones que otra persona pudiera considerar puntos focales.,2026-09-04T05:02:00.000Z,2026-09-04T05:02:12.000Z,2026-09-04T05:02:29.842Z,2026-09-04T05:02:48.469Z,sintetico_docente,1.0.0-demo
,,,docente,SIM-000388,387,True,True,True,True,True,naranja_primero,naranja,90,90,50,63,69,2.893,5.811,Pensé en cómo se verían las siluetas desde lejos y comparé sus formas.,2026-09-04T05:09:00.000Z,2026-09-04T05:09:12.000Z,2026-09-04T05:09:16.143Z,2026-09-04T05:09:28.454Z,sintetico_docente,1.0.0-demo
,,,docente,SIM-000389,388,True,True,True,True,True,naranja_primero,naranja,90,90,70,76,69,4.192,5.637,La naranja parecía compacta y el plátano más ligero; fue una asociación intuitiva.,2026-09-04T05:16:00.000Z,2026-09-04T05:16:12.000Z,2026-09-04T05:16:17.442Z,2026-09-04T05:16:29.579Z,sintetico_docente,1.0.0-demo
,,,docente,SIM-000390,389,True,True,True,True,True,platano_primero,platano,50,110,50,70,55,5.344,1.707,La forma redonda me sugirió una velocidad estable y la silueta alargada una menor.,2026-09-04T05:23:00.000Z,2026-09-04T05:23:12.000Z,2026-09-04T05:23:18.594Z,2026-09-04T05:23:26.801Z,sintetico_docente,1.0.0-demo
,,,docente,SIM-000391,390,True,True,True,True,True,naranja_primero,naranja,90,90,50,73,81,5.061,7.185,Pensé en cómo se verían las siluetas desde lejos y comparé sus formas.,2026-09-04T05:30:00.000Z,2026-09-04T05:30:12.000Z,2026-09-04T05:30:18.311Z,2026-09-04T05:30:31.996Z,sintetico_docente,1.0.0-demo
,,,docente,SIM-000392,391,True,True,True,True,True,naranja_primero,naranja,90,90,90,70,85,5.841,7.831,Pensé en cómo se verían las siluetas desde lejos y comparé sus formas.,2026-09-04T05:37:00.000Z,2026-09-04T05:37:12.000Z,2026-09-04T05:37:19.091Z,2026-09-04T05:37:33.422Z,sintetico_docente,1.0.0-demo
,,,docente,SIM-000393,392,True,True,True,True,True,platano_primero,platano,90,110,90,82,75,21.265,4.112,Me guié por la forma y por el contraste entre ambos símbolos.,2026-09-04T05:44:00.000Z,2026-09-04T05:44:12.000Z,2026-09-04T05:44:34.515Z,2026-09-04T05:44:45.127Z,sintetico_docente,1.0.0-demo
,,,docente,SIM-000394,393,True,True,True,True,True,naranja_primero,naranja,90,90,70,100,75,4.707,6.908,Me guié por la forma y por el contraste entre ambos símbolos.,2026-09-04T05:51:00.000Z,2026-09-04T05:51:12.000Z,2026-09-04T05:51:17.957Z,2026-09-04T05:51:31.365Z,sintetico_docente,1.0.0-demo
,,,docente,SIM-000395,394,True,True,True,True,True,platano_primero,platano,70,70,70,37,68,7.586,12.17,La naranja parecía compacta y el plátano más ligero; fue una asociación intuitiva.,2026-09-04T05:58:00.000Z,2026-09-04T05:58:12.000Z,2026-09-04T05:58:20.836Z,2026-09-04T05:58:39.506Z,sintetico_docente,1.0.0-demo
,,,docente,SIM-000396,395,True,True,True,True,True,naranja_primero,naranja,90,90,70,70,69,15.671,13.054,La forma redonda me sugirió una velocidad estable y la silueta alargada una menor.,2026-09-04T06:05:00.000Z,2026-09-04T06:05:12.000Z,2026-09-04T06:05:28.921Z,2026-09-04T06:05:48.475Z,sintetico_docente,1.0.0-demo
,,,docente,SIM-000397,396,True,True,True,True,True,platano_primero,platano,50,110,50,71,58,5.876,4.941,Usé una intuición visual y mantuve una diferencia moderada entre las señales.,2026-09-04T06:12:00.000Z,2026-09-04T06:12:12.000Z,2026-09-04T06:12:19.126Z,2026-09-04T06:12:30.567Z,sintetico_docente,1.0.0-demo
,,,docente,SIM-000398,397,True,True,True,True,True,platano_primero,platano,70,110,70,77,77,6.418,6.27,Fue una elección por contraste visual entre una figura compacta y otra alargada.,2026-09-04T06:19:00.000Z,2026-09-04T06:19:12.000Z,2026-09-04T06:19:19.668Z,2026-09-04T06:19:32.438Z,sintetico_docente,1.0.0-demo
,,,docente,SIM-000399,398,True,True,True,True,True,platano_primero,platano,70,110,70,64,73,7.76,10.366,La silueta redonda me pareció más focal; para la otra escogí una categoría cercana.,2026-09-04T06:26:00.000Z,2026-09-04T06:26:12.000Z,2026-09-04T06:26:21.010Z,2026-09-04T06:26:37.876Z,sintetico_docente,1.0.0-demo
,,,docente,SIM-000400,399,True,True,True,True,True,naranja_primero,naranja,50,50,50,67,82,13.075,6.559,La forma redonda me sugirió una velocidad estable y la silueta alargada una menor.,2026-09-04T06:33:00.000Z,2026-09-04T06:33:12.000Z,2026-09-04T06:33:26.325Z,2026-09-04T06:33:39.384Z,sintetico_docente,1.0.0-demo
,,,docente,SIM-000401,400,True,True,True,True,True,platano_primero,platano,50,90,50,75,52,9.904,10.895,"Comparé peso aparente y forma, sin asumir que existiera una respuesta correcta.",2026-09-04T06:40:00.000Z,2026-09-04T06:40:12.000Z,2026-09-04T06:40:23.154Z,2026-09-04T06:40:40.549Z,sintetico_docente,1.0.0-demo
,,,docente,SIM-000402,401,True,True,True,True,True,naranja_primero,naranja,110,110,90,73,76,5.956,5.91,Usé una intuición visual y mantuve una diferencia moderada entre las señales.,2026-09-04T06:47:00.000Z,2026-09-04T06:47:12.000Z,2026-09-04T06:47:19.206Z,2026-09-04T06:47:31.616Z,sintetico_docente,1.0.0-demo
,,,docente,SIM-000403,402,True,True,True,True,True,platano_primero,platano,90,110,90,81,44,9.941,7.055,Me guié por la forma y por el contraste entre ambos símbolos.,2026-09-04T06:54:00.000Z,2026-09-04T06:54:12.000Z,2026-09-04T06:54:23.191Z,2026-09-04T06:54:36.746Z,sintetico_docente,1.0.0-demo
,,,docente,SIM-000404,403,True,True,True,True,True,platano_primero,platano,70,90,70,79,57,6.598,4.455,Me basé en la geometría de las señales y en una asociación espontánea.,2026-09-04T07:01:00.000Z,2026-09-04T07:01:12.000Z,2026-09-04T07:01:19.848Z,2026-09-04T07:01:30.803Z,sintetico_docente,1.0.0-demo
,,,docente,SIM-000405,404,True,True,True,True,True,platano_primero,platano,90,90,90,68,71,14.093,7.338,Fue una elección por contraste visual entre una figura compacta y otra alargada.,2026-09-04T07:08:00.000Z,2026-09-04T07:08:12.000Z,2026-09-04T07:08:27.343Z,2026-09-04T07:08:41.181Z,sintetico_docente,1.0.0-demo
,,,docente,SIM-000406,405,True,True,True,True,True,naranja_primero,naranja,110,110,90,77,55,12.357,5.581,Intenté escoger opciones que otra persona pudiera considerar puntos focales.,2026-09-04T07:15:00.000Z,2026-09-04T07:15:12.000Z,2026-09-04T07:15:25.607Z,2026-09-04T07:15:37.688Z,sintetico_docente,1.0.0-demo
,,,docente,SIM-000407,406,True,True,True,True,True,naranja_primero,naranja,90,90,50,80,69,10.401,6.409,La forma redonda me sugirió una velocidad estable y la silueta alargada una menor.,2026-09-04T07:22:00.000Z,2026-09-04T07:22:12.000Z,2026-09-04T07:22:23.651Z,2026-09-04T07:22:36.560Z,sintetico_docente,1.0.0-demo
,,,docente,SIM-000408,407,True,True,True,True,True,platano_primero,platano,70,110,70,85,77,4.27,6.438,"Comparé peso aparente y forma, sin asumir que existiera una respuesta correcta.",2026-09-04T07:29:00.000Z,2026-09-04T07:29:12.000Z,2026-09-04T07:29:17.520Z,2026-09-04T07:29:30.458Z,sintetico_docente,1.0.0-demo
,,,docente,SIM-000409,408,True,True,True,True,True,naranja_primero,naranja,130,130,70,62,53,5.445,8.53,Elegí categorías centrales porque imaginé una convención fácil de coordinar.,2026-09-04T07:36:00.000Z,2026-09-04T07:36:12.000Z,2026-09-04T07:36:18.695Z,2026-09-04T07:36:33.725Z,sintetico_docente,1.0.0-demo
,,,docente,SIM-000410,409,True,True,True,True,True,naranja_primero,naranja,130,130,110,63,59,7.858,1.561,Fue una elección por contraste visual entre una figura compacta y otra alargada.,2026-09-04T07:43:00.000Z,2026-09-04T07:43:12.000Z,2026-09-04T07:43:21.108Z,2026-09-04T07:43:29.169Z,sintetico_docente,1.0.0-demo
,,,docente,SIM-000411,410,True,True,True,True,True,naranja_primero,naranja,90,90,70,53,71,5.744,3.834,Me guié por la forma y por el contraste entre ambos símbolos.,2026-09-04T07:50:00.000Z,2026-09-04T07:50:12.000Z,2026-09-04T07:50:18.994Z,2026-09-04T07:50:29.328Z,sintetico_docente,1.0.0-demo
,,,docente,SIM-000412,411,True,True,True,True,True,naranja_primero,naranja,90,90,70,73,62,6.458,14.502,La silueta redonda me pareció más focal; para la otra escogí una categoría cercana.,2026-09-04T07:57:00.000Z,2026-09-04T07:57:12.000Z,2026-09-04T07:57:19.708Z,2026-09-04T07:57:40.710Z,sintetico_docente,1.0.0-demo
,,,docente,SIM-000413,412,True,True,True,True,True,platano_primero,platano,70,110,70,55,73,8.064,7.578,La curva de un símbolo y la geometría del otro orientaron mi elección.,2026-09-04T08:04:00.000Z,2026-09-04T08:04:12.000Z,2026-09-04T08:04:21.314Z,2026-09-04T08:04:35.392Z,sintetico_docente,1.0.0-demo
,,,docente,SIM-000414,413,True,True,True,True,True,naranja_primero,naranja,50,50,30,76,75,1.634,6.526,Fue una elección por contraste visual entre una figura compacta y otra alargada.,2026-09-04T08:11:00.000Z,2026-09-04T08:11:12.000Z,2026-09-04T08:11:14.884Z,2026-09-04T08:11:27.910Z,sintetico_docente,1.0.0-demo
,,,docente,SIM-000415,414,True,True,True,True,True,platano_primero,platano,90,110,90,85,42,5.99,8.327,Fue una elección por contraste visual entre una figura compacta y otra alargada.,2026-09-04T08:18:00.000Z,2026-09-04T08:18:12.000Z,2026-09-04T08:18:19.240Z,2026-09-04T08:18:34.067Z,sintetico_docente,1.0.0-demo
,,,docente,SIM-000416,415,True,True,True,True,True,platano_primero,platano,50,90,50,77,65,11.996,11.676,La forma redonda me sugirió una velocidad estable y la silueta alargada una menor.,2026-09-04T08:25:00.000Z,2026-09-04T08:25:12.000Z,2026-09-04T08:25:25.246Z,2026-09-04T08:25:43.422Z,sintetico_docente,1.0.0-demo
,,,docente,SIM-000417,416,True,True,True,True,True,platano_primero,platano,50,110,50,64,88,6.021,10.415,La silueta redonda me pareció más focal; para la otra escogí una categoría cercana.,2026-09-04T08:32:00.000Z,2026-09-04T08:32:12.000Z,2026-09-04T08:32:19.271Z,2026-09-04T08:32:36.186Z,sintetico_docente,1.0.0-demo
,,,docente,SIM-000418,417,True,True,True,True,True,naranja_primero,naranja,110,110,70,58,68,3.336,6.595,Elegí categorías centrales porque imaginé una convención fácil de coordinar.,2026-09-04T08:39:00.000Z,2026-09-04T08:39:12.000Z,2026-09-04T08:39:16.586Z,2026-09-04T08:39:29.681Z,sintetico_docente,1.0.0-demo
,,,docente,SIM-000419,418,True,True,True,True,True,naranja_primero,naranja,90,90,50,61,68,7.1,9.305,La naranja parecía compacta y el plátano más ligero; fue una asociación intuitiva.,2026-09-04T08:46:00.000Z,2026-09-04T08:46:12.000Z,2026-09-04T08:46:20.350Z,2026-09-04T08:46:36.155Z,sintetico_docente,1.0.0-demo
,,,docente,SIM-000420,419,True,True,True,True,True,platano_primero,platano,70,110,70,65,62,9.601,9.061,Me guié por la forma y por el contraste entre ambos símbolos.,2026-09-04T08:53:00.000Z,2026-09-04T08:53:12.000Z,2026-09-04T08:53:22.851Z,2026-09-04T08:53:38.412Z,sintetico_docente,1.0.0-demo
,,,docente,SIM-000421,420,True,True,True,True,True,naranja_primero,naranja,90,90,70,88,71,7.774,6.852,La forma redonda me sugirió una velocidad estable y la silueta alargada una menor.,2026-09-04T09:00:00.000Z,2026-09-04T09:00:12.000Z,2026-09-04T09:00:21.024Z,2026-09-04T09:00:34.376Z,sintetico_docente,1.0.0-demo
,,,docente,SIM-000422,421,True,True,True,True,True,platano_primero,platano,70,90,70,61,77,8.188,7.012,Elegí categorías centrales porque imaginé una convención fácil de coordinar.,2026-09-04T09:07:00.000Z,2026-09-04T09:07:12.000Z,2026-09-04T09:07:21.438Z,2026-09-04T09:07:34.950Z,sintetico_docente,1.0.0-demo
,,,docente,SIM-000423,422,True,True,True,True,True,platano_primero,platano,50,70,50,50,59,7.662,8.907,La naranja parecía compacta y el plátano más ligero; fue una asociación intuitiva.,2026-09-04T09:14:00.000Z,2026-09-04T09:14:12.000Z,2026-09-04T09:14:20.912Z,2026-09-04T09:14:36.319Z,sintetico_docente,1.0.0-demo
,,,docente,SIM-000424,423,True,True,True,True,True,platano_primero,platano,70,110,70,73,72,8.45,5.97,Me guié por la forma y por el contraste entre ambos símbolos.,2026-09-04T09:21:00.000Z,2026-09-04T09:21:12.000Z,2026-09-04T09:21:21.700Z,2026-09-04T09:21:34.170Z,sintetico_docente,1.0.0-demo
,,,docente,SIM-000425,424,True,True,True,True,True,naranja_primero,naranja,90,90,70,64,94,4.947,7.843,Intenté escoger opciones que otra persona pudiera considerar puntos focales.,2026-09-04T09:28:00.000Z,2026-09-04T09:28:12.000Z,2026-09-04T09:28:18.197Z,2026-09-04T09:28:32.540Z,sintetico_docente,1.0.0-demo
,,,docente,SIM-000426,425,True,True,True,True,True,platano_primero,platano,90,90,90,83,81,13.57,4.092,Pensé en cómo se verían las siluetas desde lejos y comparé sus formas.,2026-09-04T09:35:00.000Z,2026-09-04T09:35:12.000Z,2026-09-04T09:35:26.820Z,2026-09-04T09:35:37.412Z,sintetico_docente,1.0.0-demo
,,,docente,SIM-000427,426,True,True,True,True,True,naranja_primero,naranja,130,130,90,57,65,6.593,7.781,La silueta redonda me pareció más focal; para la otra escogí una categoría cercana.,2026-09-04T09:42:00.000Z,2026-09-04T09:42:12.000Z,2026-09-04T09:42:19.843Z,2026-09-04T09:42:34.124Z,sintetico_docente,1.0.0-demo
,,,docente,SIM-000428,427,True,True,True,True,True,naranja_primero,naranja,50,50,50,81,80,5.137,6.67,Me guié por la forma y por el contraste entre ambos símbolos.,2026-09-04T09:49:00.000Z,2026-09-04T09:49:12.000Z,2026-09-04T09:49:18.387Z,2026-09-04T09:49:31.557Z,sintetico_docente,1.0.0-demo
,,,docente,SIM-000429,428,True,True,True,True,True,naranja_primero,naranja,110,110,90,56,100,7.009,6.219,Me guié por la forma y por el contraste entre ambos símbolos.,2026-09-04T09:56:00.000Z,2026-09-04T09:56:12.000Z,2026-09-04T09:56:20.259Z,2026-09-04T09:56:32.978Z,sintetico_docente,1.0.0-demo
,,,docente,SIM-000430,429,True,True,True,True,True,platano_primero,platano,50,90,50,100,69,3.679,8.819,La forma redonda me sugirió una velocidad estable y la silueta alargada una menor.,2026-09-04T10:03:00.000Z,2026-09-04T10:03:12.000Z,2026-09-04T10:03:16.929Z,2026-09-04T10:03:32.248Z,sintetico_docente,1.0.0-demo
,,,docente,SIM-000431,430,True,True,True,True,True,platano_primero,platano,50,110,50,75,67,7.127,7.395,Me guié por la forma y por el contraste entre ambos símbolos.,2026-09-04T10:10:00.000Z,2026-09-04T10:10:12.000Z,2026-09-04T10:10:20.377Z,2026-09-04T10:10:34.272Z,sintetico_docente,1.0.0-demo
,,,docente,SIM-000432,431,True,True,True,True,True,platano_primero,platano,90,110,90,55,74,11.153,14.404,Usé una intuición visual y mantuve una diferencia moderada entre las señales.,2026-09-04T10:17:00.000Z,2026-09-04T10:17:12.000Z,2026-09-04T10:17:24.403Z,2026-09-04T10:17:45.307Z,sintetico_docente,1.0.0-demo
,,,docente,SIM-000433,432,True,True,True,True,True,platano_primero,platano,70,110,70,58,66,8.04,10.379,La forma redonda me sugirió una velocidad estable y la silueta alargada una menor.,2026-09-04T10:24:00.000Z,2026-09-04T10:24:12.000Z,2026-09-04T10:24:21.290Z,2026-09-04T10:24:38.169Z,sintetico_docente,1.0.0-demo
,,,docente,SIM-000434,433,True,True,True,True,True,naranja_primero,naranja,110,110,70,57,85,5.58,9.495,La silueta redonda me pareció más focal; para la otra escogí una categoría cercana.,2026-09-04T10:31:00.000Z,2026-09-04T10:31:12.000Z,2026-09-04T10:31:18.830Z,2026-09-04T10:31:34.825Z,sintetico_docente,1.0.0-demo
,,,docente,SIM-000435,434,True,True,True,True,True,platano_primero,platano,90,110,90,74,83,10.16,6.032,Fue una elección por contraste visual entre una figura compacta y otra alargada.,2026-09-04T10:38:00.000Z,2026-09-04T10:38:12.000Z,2026-09-04T10:38:23.410Z,2026-09-04T10:38:35.942Z,sintetico_docente,1.0.0-demo
,,,docente,SIM-000436,435,True,True,True,True,True,naranja_primero,naranja,110,110,70,79,74,11.836,7.712,Elegí categorías centrales porque imaginé una convención fácil de coordinar.,2026-09-04T10:45:00.000Z,2026-09-04T10:45:12.000Z,2026-09-04T10:45:25.086Z,2026-09-04T10:45:39.298Z,sintetico_docente,1.0.0-demo
,,,docente,SIM-000437,436,True,True,True,True,True,platano_primero,platano,50,70,50,71,78,9.159,6.289,Intenté escoger opciones que otra persona pudiera considerar puntos focales.,2026-09-04T10:52:00.000Z,2026-09-04T10:52:12.000Z,2026-09-04T10:52:22.409Z,2026-09-04T10:52:35.198Z,sintetico_docente,1.0.0-demo
,,,docente,SIM-000438,437,True,True,True,True,True,naranja_primero,naranja,90,90,70,79,54,4.597,4.072,La curva de un símbolo y la geometría del otro orientaron mi elección.,2026-09-04T10:59:00.000Z,2026-09-04T10:59:12.000Z,2026-09-04T10:59:17.847Z,2026-09-04T10:59:28.419Z,sintetico_docente,1.0.0-demo
,,,docente,SIM-000439,438,True,True,True,True,True,naranja_primero,naranja,70,70,70,92,68,12.623,5.213,La silueta redonda me pareció más focal; para la otra escogí una categoría cercana.,2026-09-04T11:06:00.000Z,2026-09-04T11:06:12.000Z,2026-09-04T11:06:25.873Z,2026-09-04T11:06:37.586Z,sintetico_docente,1.0.0-demo
,,,docente,SIM-000440,439,True,True,True,True,True,naranja_primero,naranja,90,90,50,69,87,6.143,4.996,Me guié por la forma y por el contraste entre ambos símbolos.,2026-09-04T11:13:00.000Z,2026-09-04T11:13:12.000Z,2026-09-04T11:13:19.393Z,2026-09-04T11:13:30.889Z,sintetico_docente,1.0.0-demo
,,,docente,SIM-000441,440,True,True,True,True,True,naranja_primero,naranja,70,70,30,70,66,10.325,5.27,Me basé en la geometría de las señales y en una asociación espontánea.,2026-09-04T11:20:00.000Z,2026-09-04T11:20:12.000Z,2026-09-04T11:20:23.575Z,2026-09-04T11:20:35.345Z,sintetico_docente,1.0.0-demo
,,,docente,SIM-000442,441,True,True,True,True,True,platano_primero,platano,90,110,90,68,64,6.233,4.232,Usé una intuición visual y mantuve una diferencia moderada entre las señales.,2026-09-04T11:27:00.000Z,2026-09-04T11:27:12.000Z,2026-09-04T11:27:19.483Z,2026-09-04T11:27:30.215Z,sintetico_docente,1.0.0-demo
,,,docente,SIM-000443,442,True,True,True,True,True,platano_primero,platano,90,90,90,63,80,7.256,8.399,Pensé en cómo se verían las siluetas desde lejos y comparé sus formas.,2026-09-04T11:34:00.000Z,2026-09-04T11:34:12.000Z,2026-09-04T11:34:20.506Z,2026-09-04T11:34:35.405Z,sintetico_docente,1.0.0-demo
,,,docente,SIM-000444,443,True,True,True,True,True,naranja_primero,naranja,110,110,90,61,53,11.012,5.984,Intenté escoger opciones que otra persona pudiera considerar puntos focales.,2026-09-04T11:41:00.000Z,2026-09-04T11:41:12.000Z,2026-09-04T11:41:24.262Z,2026-09-04T11:41:36.746Z,sintetico_docente,1.0.0-demo
,,,docente,SIM-000445,444,True,True,True,True,True,platano_primero,platano,70,110,70,76,83,6.811,6.364,La forma redonda me sugirió una velocidad estable y la silueta alargada una menor.,2026-09-04T11:48:00.000Z,2026-09-04T11:48:12.000Z,2026-09-04T11:48:20.061Z,2026-09-04T11:48:32.925Z,sintetico_docente,1.0.0-demo
,,,docente,SIM-000446,445,True,True,True,True,True,naranja_primero,naranja,90,90,50,70,100,5.875,2.156,Me guié por la forma y por el contraste entre ambos símbolos.,2026-09-04T11:55:00.000Z,2026-09-04T11:55:12.000Z,2026-09-04T11:55:19.125Z,2026-09-04T11:55:27.781Z,sintetico_docente,1.0.0-demo
,,,docente,SIM-000447,446,True,True,True,True,True,naranja_primero,naranja,90,90,70,72,59,5.201,9.8,La silueta redonda me pareció más focal; para la otra escogí una categoría cercana.,2026-09-04T12:02:00.000Z,2026-09-04T12:02:12.000Z,2026-09-04T12:02:18.451Z,2026-09-04T12:02:34.751Z,sintetico_docente,1.0.0-demo
,,,docente,SIM-000448,447,True,True,True,True,True,platano_primero,platano,70,110,70,65,60,6.969,8.075,La silueta redonda me pareció más focal; para la otra escogí una categoría cercana.,2026-09-04T12:09:00.000Z,2026-09-04T12:09:12.000Z,2026-09-04T12:09:20.219Z,2026-09-04T12:09:34.794Z,sintetico_docente,1.0.0-demo
,,,docente,SIM-000449,448,True,True,True,True,True,naranja_primero,naranja,110,110,70,77,85,10.801,3.716,Me guié por la forma y por el contraste entre ambos símbolos.,2026-09-04T12:16:00.000Z,2026-09-04T12:16:12.000Z,2026-09-04T12:16:24.051Z,2026-09-04T12:16:34.267Z,sintetico_docente,1.0.0-demo
,,,docente,SIM-000450,449,True,True,True,True,True,platano_primero,platano,90,110,90,73,80,6.871,2.738,La silueta redonda me pareció más focal; para la otra escogí una categoría cercana.,2026-09-04T12:23:00.000Z,2026-09-04T12:23:12.000Z,2026-09-04T12:23:20.121Z,2026-09-04T12:23:29.359Z,sintetico_docente,1.0.0-demo
,,,docente,SIM-000451,450,True,True,True,True,True,naranja_primero,naranja,90,90,70,76,81,6.791,4.425,La curva de un símbolo y la geometría del otro orientaron mi elección.,2026-09-04T12:30:00.000Z,2026-09-04T12:30:12.000Z,2026-09-04T12:30:20.041Z,2026-09-04T12:30:30.966Z,sintetico_docente,1.0.0-demo
,,,docente,SIM-000452,451,True,True,True,True,True,platano_primero,platano,50,90,50,77,68,12.248,10.599,La silueta redonda me pareció más focal; para la otra escogí una categoría cercana.,2026-09-04T12:37:00.000Z,2026-09-04T12:37:12.000Z,2026-09-04T12:37:25.498Z,2026-09-04T12:37:42.597Z,sintetico_docente,1.0.0-demo
,,,docente,SIM-000453,452,True,True,True,True,True,naranja_primero,naranja,90,90,70,79,59,6.493,1.707,Elegí categorías centrales porque imaginé una convención fácil de coordinar.,2026-09-04T12:44:00.000Z,2026-09-04T12:44:12.000Z,2026-09-04T12:44:19.743Z,2026-09-04T12:44:27.950Z,sintetico_docente,1.0.0-demo
,,,docente,SIM-000454,453,True,True,True,True,True,platano_primero,platano,50,110,50,65,44,4.035,7.755,Me basé en la geometría de las señales y en una asociación espontánea.,2026-09-04T12:51:00.000Z,2026-09-04T12:51:12.000Z,2026-09-04T12:51:17.285Z,2026-09-04T12:51:31.540Z,sintetico_docente,1.0.0-demo
,,,docente,SIM-000455,454,True,True,True,True,True,platano_primero,platano,70,70,70,68,78,5.896,9.011,Intenté escoger opciones que otra persona pudiera considerar puntos focales.,2026-09-04T12:58:00.000Z,2026-09-04T12:58:12.000Z,2026-09-04T12:58:19.146Z,2026-09-04T12:58:34.657Z,sintetico_docente,1.0.0-demo
,,,docente,SIM-000456,455,True,True,True,True,True,platano_primero,platano,70,70,70,77,83,6.909,7.316,Me guié por la forma y por el contraste entre ambos símbolos.,2026-09-04T13:05:00.000Z,2026-09-04T13:05:12.000Z,2026-09-04T13:05:20.159Z,2026-09-04T13:05:33.975Z,sintetico_docente,1.0.0-demo
,,,docente,SIM-000457,456,True,True,True,True,True,platano_primero,platano,70,90,70,64,64,5.984,7.008,La curva de un símbolo y la geometría del otro orientaron mi elección.,2026-09-04T13:12:00.000Z,2026-09-04T13:12:12.000Z,2026-09-04T13:12:19.234Z,2026-09-04T13:12:32.742Z,sintetico_docente,1.0.0-demo
,,,docente,SIM-000458,457,True,True,True,True,True,naranja_primero,naranja,90,90,50,83,44,12.273,4.543,La silueta redonda me pareció más focal; para la otra escogí una categoría cercana.,2026-09-04T13:19:00.000Z,2026-09-04T13:19:12.000Z,2026-09-04T13:19:25.523Z,2026-09-04T13:19:36.566Z,sintetico_docente,1.0.0-demo
,,,docente,SIM-000459,458,True,True,True,True,True,naranja_primero,naranja,110,110,70,81,42,8.354,5.72,Me guié por la forma y por el contraste entre ambos símbolos.,2026-09-04T13:26:00.000Z,2026-09-04T13:26:12.000Z,2026-09-04T13:26:21.604Z,2026-09-04T13:26:33.824Z,sintetico_docente,1.0.0-demo
,,,docente,SIM-000460,459,True,True,True,True,True,naranja_primero,naranja,70,70,70,78,63,9.087,4.995,Pensé en cómo se verían las siluetas desde lejos y comparé sus formas.,2026-09-04T13:33:00.000Z,2026-09-04T13:33:12.000Z,2026-09-04T13:33:22.337Z,2026-09-04T13:33:33.832Z,sintetico_docente,1.0.0-demo
,,,docente,SIM-000461,460,True,True,True,True,True,platano_primero,platano,30,70,30,73,58,5.906,7.21,Pensé en cómo se verían las siluetas desde lejos y comparé sus formas.,2026-09-04T13:40:00.000Z,2026-09-04T13:40:12.000Z,2026-09-04T13:40:19.156Z,2026-09-04T13:40:32.866Z,sintetico_docente,1.0.0-demo
,,,docente,SIM-000462,461,True,True,True,True,True,platano_primero,platano,70,110,70,54,60,6.932,3.753,Elegí categorías centrales porque imaginé una convención fácil de coordinar.,2026-09-04T13:47:00.000Z,2026-09-04T13:47:12.000Z,2026-09-04T13:47:20.182Z,2026-09-04T13:47:30.435Z,sintetico_docente,1.0.0-demo
,,,docente,SIM-000463,462,True,True,True,True,True,platano_primero,platano,90,110,90,64,76,5.636,4.261,Me basé en la geometría de las señales y en una asociación espontánea.,2026-09-04T13:54:00.000Z,2026-09-04T13:54:12.000Z,2026-09-04T13:54:18.886Z,2026-09-04T13:54:29.647Z,sintetico_docente,1.0.0-demo
,,,docente,SIM-000464,463,True,True,True,True,True,naranja_primero,naranja,70,70,50,82,75,3.743,6.558,Fue una elección por contraste visual entre una figura compacta y otra alargada.,2026-09-04T14:01:00.000Z,2026-09-04T14:01:12.000Z,2026-09-04T14:01:16.993Z,2026-09-04T14:01:30.051Z,sintetico_docente,1.0.0-demo
,,,docente,SIM-000465,464,True,True,True,True,True,platano_primero,platano,50,90,50,71,75,6.366,4.902,Pensé en cómo se verían las siluetas desde lejos y comparé sus formas.,2026-09-04T14:08:00.000Z,2026-09-04T14:08:12.000Z,2026-09-04T14:08:19.616Z,2026-09-04T14:08:31.018Z,sintetico_docente,1.0.0-demo
,,,docente,SIM-000466,465,True,True,True,True,True,naranja_primero,naranja,70,70,50,65,63,5.316,9.497,Me guié por la forma y por el contraste entre ambos símbolos.,2026-09-04T14:15:00.000Z,2026-09-04T14:15:12.000Z,2026-09-04T14:15:18.566Z,2026-09-04T14:15:34.563Z,sintetico_docente,1.0.0-demo
,,,docente,SIM-000467,466,True,True,True,True,True,platano_primero,platano,90,110,90,65,41,8.139,7.156,La forma redonda me sugirió una velocidad estable y la silueta alargada una menor.,2026-09-04T14:22:00.000Z,2026-09-04T14:22:12.000Z,2026-09-04T14:22:21.389Z,2026-09-04T14:22:35.045Z,sintetico_docente,1.0.0-demo
,,,docente,SIM-000468,467,True,True,True,True,True,naranja_primero,naranja,110,110,70,63,68,10.487,8.331,La curva de un símbolo y la geometría del otro orientaron mi elección.,2026-09-04T14:29:00.000Z,2026-09-04T14:29:12.000Z,2026-09-04T14:29:23.737Z,2026-09-04T14:29:38.568Z,sintetico_docente,1.0.0-demo
,,,docente,SIM-000469,468,True,True,True,True,True,naranja_primero,naranja,90,90,90,100,73,6.38,9.142,La curva de un símbolo y la geometría del otro orientaron mi elección.,2026-09-04T14:36:00.000Z,2026-09-04T14:36:12.000Z,2026-09-04T14:36:19.630Z,2026-09-04T14:36:35.272Z,sintetico_docente,1.0.0-demo
,,,docente,SIM-000470,469,True,True,True,True,True,naranja_primero,naranja,70,70,70,62,80,5.301,6.136,La naranja parecía compacta y el plátano más ligero; fue una asociación intuitiva.,2026-09-04T14:43:00.000Z,2026-09-04T14:43:12.000Z,2026-09-04T14:43:18.551Z,2026-09-04T14:43:31.187Z,sintetico_docente,1.0.0-demo
,,,docente,SIM-000471,470,True,True,True,True,True,platano_primero,platano,50,70,50,70,54,5.19,3.326,Intenté escoger opciones que otra persona pudiera considerar puntos focales.,2026-09-04T14:50:00.000Z,2026-09-04T14:50:12.000Z,2026-09-04T14:50:18.440Z,2026-09-04T14:50:28.266Z,sintetico_docente,1.0.0-demo
,,,docente,SIM-000472,471,True,True,True,True,True,naranja_primero,naranja,70,70,50,70,79,8.756,4.147,Usé una intuición visual y mantuve una diferencia moderada entre las señales.,2026-09-04T14:57:00.000Z,2026-09-04T14:57:12.000Z,2026-09-04T14:57:22.006Z,2026-09-04T14:57:32.653Z,sintetico_docente,1.0.0-demo
,,,docente,SIM-000473,472,True,True,True,True,True,platano_primero,platano,70,110,70,66,63,8.046,6.321,La naranja parecía compacta y el plátano más ligero; fue una asociación intuitiva.,2026-09-04T15:04:00.000Z,2026-09-04T15:04:12.000Z,2026-09-04T15:04:21.296Z,2026-09-04T15:04:34.117Z,sintetico_docente,1.0.0-demo
,,,docente,SIM-000474,473,True,True,True,True,True,naranja_primero,naranja,70,70,30,66,47,8.106,7.145,La naranja parecía compacta y el plátano más ligero; fue una asociación intuitiva.,2026-09-04T15:11:00.000Z,2026-09-04T15:11:12.000Z,2026-09-04T15:11:21.356Z,2026-09-04T15:11:35.001Z,sintetico_docente,1.0.0-demo
,,,docente,SIM-000475,474,True,True,True,True,True,platano_primero,platano,70,90,70,78,76,13.78,8.286,La naranja parecía compacta y el plátano más ligero; fue una asociación intuitiva.,2026-09-04T15:18:00.000Z,2026-09-04T15:18:12.000Z,2026-09-04T15:18:27.030Z,2026-09-04T15:18:41.816Z,sintetico_docente,1.0.0-demo
,,,docente,SIM-000476,475,True,True,True,True,True,naranja_primero,naranja,90,90,50,51,72,3.619,7.026,La curva de un símbolo y la geometría del otro orientaron mi elección.,2026-09-04T15:25:00.000Z,2026-09-04T15:25:12.000Z,2026-09-04T15:25:16.869Z,2026-09-04T15:25:30.395Z,sintetico_docente,1.0.0-demo
,,,docente,SIM-000477,476,True,True,True,True,True,naranja_primero,naranja,110,110,70,68,70,9.867,8.002,La silueta redonda me pareció más focal; para la otra escogí una categoría cercana.,2026-09-04T15:32:00.000Z,2026-09-04T15:32:12.000Z,2026-09-04T15:32:23.117Z,2026-09-04T15:32:37.619Z,sintetico_docente,1.0.0-demo
,,,docente,SIM-000478,477,True,True,True,True,True,platano_primero,platano,110,110,110,75,50,4.915,6.112,Me basé en la geometría de las señales y en una asociación espontánea.,2026-09-04T15:39:00.000Z,2026-09-04T15:39:12.000Z,2026-09-04T15:39:18.165Z,2026-09-04T15:39:30.777Z,sintetico_docente,1.0.0-demo
,,,docente,SIM-000479,478,True,True,True,True,True,naranja_primero,naranja,90,90,30,76,65,8.45,11.344,Me basé en la geometría de las señales y en una asociación espontánea.,2026-09-04T15:46:00.000Z,2026-09-04T15:46:12.000Z,2026-09-04T15:46:21.700Z,2026-09-04T15:46:39.544Z,sintetico_docente,1.0.0-demo
,,,docente,SIM-000480,479,True,True,True,True,True,platano_primero,platano,90,110,90,73,63,6.833,5.952,La curva de un símbolo y la geometría del otro orientaron mi elección.,2026-09-04T15:53:00.000Z,2026-09-04T15:53:12.000Z,2026-09-04T15:53:20.083Z,2026-09-04T15:53:32.535Z,sintetico_docente,1.0.0-demo
,,,docente,SIM-000481,480,True,True,True,True,True,platano_primero,platano,50,90,50,92,69,5.207,5.009,Pensé en cómo se verían las siluetas desde lejos y comparé sus formas.,2026-09-04T16:00:00.000Z,2026-09-04T16:00:12.000Z,2026-09-04T16:00:18.457Z,2026-09-04T16:00:29.966Z,sintetico_docente,1.0.0-demo
,,,docente,SIM-000482,481,True,True,True,True,True,naranja_primero,naranja,70,70,50,76,78,4.972,7.608,Fue una elección por contraste visual entre una figura compacta y otra alargada.,2026-09-04T16:07:00.000Z,2026-09-04T16:07:12.000Z,2026-09-04T16:07:18.222Z,2026-09-04T16:07:32.330Z,sintetico_docente,1.0.0-demo
,,,docente,SIM-000483,482,True,True,True,True,True,naranja_primero,naranja,90,90,70,84,69,3.941,13.595,La silueta redonda me pareció más focal; para la otra escogí una categoría cercana.,2026-09-04T16:14:00.000Z,2026-09-04T16:14:12.000Z,2026-09-04T16:14:17.191Z,2026-09-04T16:14:37.286Z,sintetico_docente,1.0.0-demo
,,,docente,SIM-000484,483,True,True,True,True,True,platano_primero,platano,70,110,70,61,72,18.745,8.919,Pensé en cómo se verían las siluetas desde lejos y comparé sus formas.,2026-09-04T16:21:00.000Z,2026-09-04T16:21:12.000Z,2026-09-04T16:21:31.995Z,2026-09-04T16:21:47.414Z,sintetico_docente,1.0.0-demo
,,,docente,SIM-000485,484,True,True,True,True,True,platano_primero,platano,70,110,70,30,85,15.114,4.265,Usé una intuición visual y mantuve una diferencia moderada entre las señales.,2026-09-04T16:28:00.000Z,2026-09-04T16:28:12.000Z,2026-09-04T16:28:28.364Z,2026-09-04T16:28:39.129Z,sintetico_docente,1.0.0-demo
,,,docente,SIM-000486,485,True,True,True,True,True,platano_primero,platano,90,90,90,67,70,10.735,4.944,Me guié por la forma y por el contraste entre ambos símbolos.,2026-09-04T16:35:00.000Z,2026-09-04T16:35:12.000Z,2026-09-04T16:35:23.985Z,2026-09-04T16:35:35.429Z,sintetico_docente,1.0.0-demo
,,,docente,SIM-000487,486,True,True,True,True,True,naranja_primero,naranja,90,90,70,53,70,6.783,9.895,Elegí categorías centrales porque imaginé una convención fácil de coordinar.,2026-09-04T16:42:00.000Z,2026-09-04T16:42:12.000Z,2026-09-04T16:42:20.033Z,2026-09-04T16:42:36.428Z,sintetico_docente,1.0.0-demo
,,,docente,SIM-000488,487,True,True,True,True,True,platano_primero,platano,70,90,70,78,57,5.002,15.537,La silueta redonda me pareció más focal; para la otra escogí una categoría cercana.,2026-09-04T16:49:00.000Z,2026-09-04T16:49:12.000Z,2026-09-04T16:49:18.252Z,2026-09-04T16:49:40.289Z,sintetico_docente,1.0.0-demo
,,,docente,SIM-000489,488,True,True,True,True,True,naranja_primero,naranja,90,90,50,69,64,16.857,5.357,"Comparé peso aparente y forma, sin asumir que existiera una respuesta correcta.",2026-09-04T16:56:00.000Z,2026-09-04T16:56:12.000Z,2026-09-04T16:56:30.107Z,2026-09-04T16:56:41.964Z,sintetico_docente,1.0.0-demo
,,,docente,SIM-000490,489,True,True,True,True,True,naranja_primero,naranja,90,90,50,45,70,4.848,7.4,Me basé en la geometría de las señales y en una asociación espontánea.,2026-09-04T17:03:00.000Z,2026-09-04T17:03:12.000Z,2026-09-04T17:03:18.098Z,2026-09-04T17:03:31.998Z,sintetico_docente,1.0.0-demo
,,,docente,SIM-000491,490,True,True,True,True,True,naranja_primero,naranja,70,70,70,52,66,6.001,4.942,Fue una elección por contraste visual entre una figura compacta y otra alargada.,2026-09-04T17:10:00.000Z,2026-09-04T17:10:12.000Z,2026-09-04T17:10:19.251Z,2026-09-04T17:10:30.693Z,sintetico_docente,1.0.0-demo
,,,docente,SIM-000492,491,True,True,True,True,True,naranja_primero,naranja,70,70,50,80,79,6.002,6.947,"Comparé peso aparente y forma, sin asumir que existiera una respuesta correcta.",2026-09-04T17:17:00.000Z,2026-09-04T17:17:12.000Z,2026-09-04T17:17:19.252Z,2026-09-04T17:17:32.699Z,sintetico_docente,1.0.0-demo
,,,docente,SIM-000493,492,True,True,True,True,True,naranja_primero,naranja,70,70,50,65,49,5.526,7.961,La curva de un símbolo y la geometría del otro orientaron mi elección.,2026-09-04T17:24:00.000Z,2026-09-04T17:24:12.000Z,2026-09-04T17:24:18.776Z,2026-09-04T17:24:33.237Z,sintetico_docente,1.0.0-demo
,,,docente,SIM-000494,493,True,True,True,True,True,platano_primero,platano,70,90,70,78,74,4.97,9.555,Intenté escoger opciones que otra persona pudiera considerar puntos focales.,2026-09-04T17:31:00.000Z,2026-09-04T17:31:12.000Z,2026-09-04T17:31:18.220Z,2026-09-04T17:31:34.275Z,sintetico_docente,1.0.0-demo
,,,docente,SIM-000495,494,True,True,True,True,True,platano_primero,platano,90,110,90,73,62,5.214,3.702,Fue una elección por contraste visual entre una figura compacta y otra alargada.,2026-09-04T17:38:00.000Z,2026-09-04T17:38:12.000Z,2026-09-04T17:38:18.464Z,2026-09-04T17:38:28.666Z,sintetico_docente,1.0.0-demo
,,,docente,SIM-000496,495,True,True,True,True,True,platano_primero,platano,70,110,70,72,68,8.982,6.767,"Comparé peso aparente y forma, sin asumir que existiera una respuesta correcta.",2026-09-04T17:45:00.000Z,2026-09-04T17:45:12.000Z,2026-09-04T17:45:22.232Z,2026-09-04T17:45:35.499Z,sintetico_docente,1.0.0-demo
,,,docente,SIM-000497,496,True,True,True,True,True,platano_primero,platano,90,110,90,85,74,7.226,10.411,La forma redonda me sugirió una velocidad estable y la silueta alargada una menor.,2026-09-04T17:52:00.000Z,2026-09-04T17:52:12.000Z,2026-09-04T17:52:20.476Z,2026-09-04T17:52:37.387Z,sintetico_docente,1.0.0-demo
,,,docente,SIM-000498,497,True,True,True,True,True,naranja_primero,naranja,90,90,90,61,67,7.836,7.764,Intenté escoger opciones que otra persona pudiera considerar puntos focales.,2026-09-04T17:59:00.000Z,2026-09-04T17:59:12.000Z,2026-09-04T17:59:21.086Z,2026-09-04T17:59:35.350Z,sintetico_docente,1.0.0-demo
,,,docente,SIM-000499,498,True,True,True,True,True,platano_primero,platano,50,70,50,78,69,2.92,7.706,Elegí categorías centrales porque imaginé una convención fácil de coordinar.,2026-09-04T18:06:00.000Z,2026-09-04T18:06:12.000Z,2026-09-04T18:06:16.170Z,2026-09-04T18:06:30.376Z,sintetico_docente,1.0.0-demo
,,,docente,SIM-000500,499,True,True,True,True,True,naranja_primero,naranja,110,110,90,71,74,6.143,9.008,La forma redonda me sugirió una velocidad estable y la silueta alargada una menor.,2026-09-04T18:13:00.000Z,2026-09-04T18:13:12.000Z,2026-09-04T18:13:19.393Z,2026-09-04T18:13:34.901Z,sintetico_docente,1.0.0-demo
